taxon,species_name,red_list_category,threats,threats_code,population_trend,habitats,risk_score,temp_sensitivity,habitat_loss_sens,co2_sens
AMPHIBIA,Mantella aurantiaca,EN,"['Biological resource use', 'Energy production & mining', 'Agriculture & aquaculture', 'Natural system modifications', 'Biological resource use', 'Agriculture & aquaculture', 'Residential & commercial development', 'Pollution', 'Invasive and other problematic species, genes & diseases']","['5_1_1', '3_2', '2_1_1', '7_1_3', '5_3_3', '2_1_2', '1_1', '9_2_2', '8_1_2']",Decreasing,"['Forest - Subtropical/Tropical Swamp', 'Wetlands (inland) - Bogs, Marshes, Swamps, Fens, Peatlands', 'Forest - Subtropical/Tropical Moist Lowland', 'Wetlands (inland) - Permanent Freshwater Marshes/Pools (under 8ha)', 'Wetlands (inland) - Seasonal/Intermittent Freshwater Marshes/Pools (under 8ha)']",3.0,0.5,1,1
AMPHIBIA,Anhydrophryne rattrayi,VU,"['Agriculture & aquaculture', 'Invasive and other problematic species, genes & diseases', 'Natural system modifications', 'Biological resource use']","['2_2_2', '8_1_1', '7_1_1', '5_3_3']",Unknown,"['Forest - Temperate', 'Grassland - Temperate']",2.0,0.5,0.5,0.2
AMPHIBIA,Bokermannohyla itapoty,LC,[],[],Stable,"['Grassland - Subtropical/Tropical High Altitude', 'Wetlands (inland) - Permanent Rivers/Streams/Creeks (includes waterfalls)', 'Rocky areas (eg. inland cliffs, mountain peaks)']",0.0,[],[],[]
AMPHIBIA,Pseudis platensis,LC,"['Agriculture & aquaculture', 'Agriculture & aquaculture', 'Agriculture & aquaculture', 'Natural system modifications', 'Residential & commercial development', 'Transportation & service corridors']","['2_1_3', '2_3_2', '2_3_3', '7_1_1', '1_1', '4_1']",Stable,"['Wetlands (inland) - Seasonal/Intermittent Freshwater Marshes/Pools (under 8ha)', 'Shrubland - Subtropical/Tropical Dry', 'Wetlands (inland) - Seasonal/Intermittent Freshwater Lakes (over 8ha)', 'Forest - Subtropical/Tropical Dry', 'Savanna - Dry', 'Artificial/Terrestrial - Urban Areas', 'Savanna - Moist', 'Wetlands (inland) - Permanent Freshwater Lakes (over 8ha)', 'Wetlands (inland) - Permanent Freshwater Marshes/Pools (under 8ha)']",0.0,0.5,1,0.6
AMPHIBIA,Tsingymantis antitra,EN,"['Agriculture & aquaculture', 'Biological resource use', 'Energy production & mining']","['2_3_2', '5_3_1', '3_2']",Unknown,"['Wetlands (inland) - Permanent Rivers/Streams/Creeks (includes waterfalls)', 'Rocky areas (eg. inland cliffs, mountain peaks)', 'Forest - Subtropical/Tropical Dry', 'Caves and Subterranean Habitats (non-aquatic) - Caves']",3.0,0,0.5,1
AMPHIBIA,Bolitoglossa bramei,LC,"['Invasive and other problematic species, genes & diseases']",['8_1_2'],Stable,['Forest - Subtropical/Tropical Moist Montane'],0.0,0,0,0
AMPHIBIA,Rhinella manu,LC,"['Human intrusions & disturbance', 'Invasive and other problematic species, genes & diseases', 'Biological resource use', 'Agriculture & aquaculture', 'Invasive and other problematic species, genes & diseases']","['6_1', '8_1_2', '5_3_1', '2_1_2', '8_5_1']",Stable,['Forest - Subtropical/Tropical Moist Montane'],0.0,0,0.5,0.2
AMPHIBIA,Telmatobius sanborni,CR,"['Invasive and other problematic species, genes & diseases']",['8_1_2'],Decreasing,"['Wetlands (inland) - Permanent Rivers/Streams/Creeks (includes waterfalls)', 'Forest - Subtropical/Tropical Moist Montane']",4.0,0,0,0
AMPHIBIA,Chimerella mariaelenae,LC,[],[],Unknown,"['Wetlands (inland) - Permanent Rivers/Streams/Creeks (includes waterfalls)', 'Forest - Subtropical/Tropical Moist Montane', 'Artificial/Terrestrial - Pastureland', 'Wetlands (inland) - Seasonal/Intermittent/Irregular Rivers/Streams/Creeks']",0.0,[],[],[]
AMPHIBIA,Rhacophorus kio,LC,"['Agriculture & aquaculture', 'Pollution', 'Biological resource use', 'Agriculture & aquaculture', 'Residential & commercial development', 'Transportation & service corridors', 'Biological resource use']","['2_1_3', '9_3_4', '5_3_5', '2_1_2', '1_1', '4_1', '5_1_1']",Decreasing,"['Wetlands (inland) - Seasonal/Intermittent Freshwater Marshes/Pools (under 8ha)', 'Wetlands (inland) - Permanent Freshwater Marshes/Pools (under 8ha)', 'Forest - Subtropical/Tropical Moist Lowland', 'Forest - Subtropical/Tropical Moist Montane']",0.0,0.3,1,0.8
AMPHIBIA,Pristimantis aquilonaris,LC,[],[],Stable,['Forest - Subtropical/Tropical Moist Montane'],0.0,[],[],[]
AMPHIBIA,Hyperolius poweri,LC,"['Agriculture & aquaculture', 'Residential & commercial development', 'Residential & commercial development', 'Natural system modifications']","['2_1_3', '1_2', '1_1', '7_2_4']",Unknown,"['Grassland - Subtropical/Tropical Dry', 'Grassland - Subtropical/Tropical Seasonally Wet/Flooded', 'Savanna - Moist', 'Savanna - Dry', 'Artificial/Aquatic - Ponds (below 8ha)', 'Artificial/Aquatic - Water Storage Areas (over 8ha)', 'Grassland - Temperate', 'Artificial/Terrestrial - Urban Areas', 'Artificial/Terrestrial - Rural Gardens', 'Shrubland - Subtropical/Tropical Moist', 'Wetlands (inland) - Bogs, Marshes, Swamps, Fens, Peatlands', 'Shrubland - Temperate', 'Wetlands (inland) - Permanent Freshwater Lakes (over 8ha)', 'Wetlands (inland) - Seasonal/Intermittent Freshwater Lakes (over 8ha)', 'Wetlands (inland) - Seasonal/Intermittent Freshwater Marshes/Pools (under 8ha)']",0.0,0.5,1,0.3
AMPHIBIA,Ctenophryne barbatula,EN,"['Agriculture & aquaculture', 'Biological resource use', 'Agriculture & aquaculture']","['2_1_2', '5_3_5', '2_3_2']",Unknown,['Forest - Subtropical/Tropical Moist Montane'],3.0,0,0.5,0.2
AMPHIBIA,Mantidactylus noralottae,DD,"['Agriculture & aquaculture', 'Agriculture & aquaculture', 'Biological resource use', 'Agriculture & aquaculture', 'Energy production & mining', 'Invasive and other problematic species, genes & diseases']","['2_1_1', '2_3_2', '5_3_1', '2_1_2', '3_2', '8_1_2']",Unknown,"['Wetlands (inland) - Permanent Rivers/Streams/Creeks (includes waterfalls)', 'Rocky areas (eg. inland cliffs, mountain peaks)']",,0,0.5,1
AMPHIBIA,Anodonthyla moramora,EN,"['Agriculture & aquaculture', 'Agriculture & aquaculture', 'Residential & commercial development', 'Energy production & mining', 'Biological resource use', 'Natural system modifications', 'Agriculture & aquaculture', 'Invasive and other problematic species, genes & diseases']","['2_1_2', '2_3_2', '1_1', '3_2', '5_3_3', '7_1_3', '2_1_1', '8_1_1']",Decreasing,['Forest - Subtropical/Tropical Moist Lowland'],3.0,0.5,1,1
AMPHIBIA,Zhangixalus yinggelingensis,VU,"['Residential & commercial development', 'Biological resource use']","['11_2', '5_1_2']",Stable,"['Wetlands (inland) - Seasonal/Intermittent Freshwater Marshes/Pools (under 8ha)', 'Wetlands (inland) - Seasonal/Intermittent/Irregular Rivers/Streams/Creeks', 'Forest - Subtropical/Tropical Moist Montane']",2.0,0,1,0.3
AMPHIBIA,Bolitoglossa gomezi,EN,"['Invasive and other problematic species, genes & diseases', 'Biological resource use', 'Agriculture & aquaculture', 'Agriculture & aquaculture', 'Agriculture & aquaculture']","['8_1_2', '5_3_3', '2_3_2', '2_3_3', '2_1_2']",Decreasing,['Forest - Subtropical/Tropical Moist Montane'],3.0,0,0.5,0.2
AMPHIBIA,Telmatobius punctatus,EN,"['Pollution', 'Pollution', 'Pollution', 'Invasive and other problematic species, genes & diseases']","['9_2_2', '9_3_4', '9_2_3', '8_1_2']",Decreasing,"['Grassland - Subtropical/Tropical High Altitude', 'Wetlands (inland) - Permanent Rivers/Streams/Creeks (includes waterfalls)', 'Forest - Subtropical/Tropical Moist Montane']",3.0,0.3,0,0.8
AMPHIBIA,Oreobates lehri,EN,['Agriculture & aquaculture'],['2_2_1'],Unknown,['Forest - Subtropical/Tropical Moist Montane'],3.0,0,0,0.2
AMPHIBIA,Anodonthyla hutchisoni,EN,"['Biological resource use', 'Agriculture & aquaculture']","['5_3_1', '2_1_2']",Decreasing,['Forest - Subtropical/Tropical Moist Lowland'],3.0,0,0.5,0.2
AMPHIBIA,Bufotes viridis,LC,"['Agriculture & aquaculture', 'Transportation & service corridors', 'Agriculture & aquaculture', 'Pollution', 'Pollution', 'Invasive and other problematic species, genes & diseases', 'Residential & commercial development', 'Agriculture & aquaculture', 'Biological resource use']","['2_1_3', '4_1', '2_3_3', '9_3_4', '9_2_3', '8_1_1', '1_1', '2_4_3', '5_1_1']",Decreasing,"['Artificial/Aquatic - Excavations (open)', 'Artificial/Aquatic - Irrigated Land (includes irrigation channels)', 'Shrubland - Mediterranean-type Shrubby Vegetation', 'Artificial/Terrestrial - Pastureland', 'Artificial/Aquatic - Ponds (below 8ha)', 'Grassland - Temperate', 'Artificial/Terrestrial - Urban Areas', 'Artificial/Terrestrial - Rural Gardens', 'Wetlands (inland) - Permanent Rivers/Streams/Creeks (includes waterfalls)', 'Wetlands (inland) - Bogs, Marshes, Swamps, Fens, Peatlands', 'Shrubland - Temperate', 'Wetlands (inland) - Permanent Freshwater Marshes/Pools (under 8ha)', 'Wetlands (inland) - Seasonal/Intermittent Freshwater Marshes/Pools (under 8ha)', 'Wetlands (inland) - Freshwater Springs and Oases', 'Forest - Temperate', 'Artificial/Aquatic - Canals and Drainage Channels, Ditches', 'Artificial/Terrestrial - Arable Land']",0.0,0.3,1,0.8
AMPHIBIA,Pristimantis leucorrhinus,DD,['Agriculture & aquaculture'],['2_1_2'],Unknown,['Forest - Subtropical/Tropical Moist Montane'],,0,0,0.2
AMPHIBIA,Hyloscirtus tigrinus,EN,"['Transportation & service corridors', 'Pollution', 'Agriculture & aquaculture', 'Pollution', 'Invasive and other problematic species, genes & diseases', 'Biological resource use', 'Agriculture & aquaculture']","['4_2', '9_4', '2_1_2', '9_3_3', '8_1_2', '5_3_1', '2_3_2']",Decreasing,"['Wetlands (inland) - Bogs, Marshes, Swamps, Fens, Peatlands', 'Wetlands (inland) - Permanent Rivers/Streams/Creeks (includes waterfalls)', 'Forest - Subtropical/Tropical Moist Montane', 'Grassland - Subtropical/Tropical High Altitude']",3.0,0.3,0.5,0.8
AMPHIBIA,Tomopterna monticola,DD,[],[],Unknown,['Wetlands (inland) - Seasonal/Intermittent/Irregular Rivers/Streams/Creeks'],,[],[],[]
AMPHIBIA,Boophis baetkei,CR,"['Energy production & mining', 'Agriculture & aquaculture', 'Agriculture & aquaculture', 'Biological resource use']","['3_2', '2_3_2', '2_1_2', '5_3_3']",Decreasing,"['Forest - Subtropical/Tropical Moist Lowland', 'Artificial/Terrestrial - Subtropical/Tropical Heavily Degraded Former Forest', 'Wetlands (inland) - Permanent Rivers/Streams/Creeks (includes waterfalls)']",4.0,0,0.5,1
AMPHIBIA,Anomaloglossus moffetti,NT,"['Residential & commercial development', 'Residential & commercial development', 'Residential & commercial development', 'Invasive and other problematic species, genes & diseases']","['11_2', '11_1', '11_3', '8_1_1']",Unknown,"['Wetlands (inland) - Permanent Rivers/Streams/Creeks (includes waterfalls)', 'Forest - Subtropical/Tropical Moist Montane']",1.0,0,1,0.3
AMPHIBIA,Hyalinobatrachium mesai,DD,"['Residential & commercial development', 'Residential & commercial development', 'Invasive and other problematic species, genes & diseases']","['11_1', '11_2', '8_1_1']",Unknown,"['Wetlands (inland) - Permanent Rivers/Streams/Creeks (includes waterfalls)', 'Forest - Subtropical/Tropical Moist Montane']",,0,1,0.3
AMPHIBIA,Pristimantis sarisarinama,NT,"['Residential & commercial development', 'Invasive and other problematic species, genes & diseases', 'Residential & commercial development', 'Residential & commercial development']","['11_1', '8_1_1', '11_2', '11_3']",Unknown,['Forest - Subtropical/Tropical Moist Montane'],1.0,0,1,0.3
AMPHIBIA,Pristimantis auricarens,NT,"['Residential & commercial development', 'Residential & commercial development', 'Natural system modifications', 'Residential & commercial development']","['11_1', '1_3', '7_1_1', '11_2']",Stable,['Forest - Subtropical/Tropical Moist Montane'],1.0,0.5,1,0.3
AMPHIBIA,Nyctibatrachus dattatreyaensis,CR,"['Biological resource use', 'Residential & commercial development', 'Agriculture & aquaculture']","['5_2_2', '1_3', '2_1_2']",Unknown,"['Wetlands (inland) - Permanent Rivers/Streams/Creeks (includes waterfalls)', 'Forest - Subtropical/Tropical Moist Montane']",4.0,0,1,0.3
AMPHIBIA,Callulina dawida,CR,['Biological resource use'],['5_3_4'],Decreasing,['Forest - Subtropical/Tropical Moist Montane'],4.0,0,0.5,0
AMPHIBIA,Arthroleptis nguruensis,VU,"['Agriculture & aquaculture', 'Residential & commercial development', 'Biological resource use', 'Agriculture & aquaculture']","['2_2_1', '11_5', '5_3_1', '2_1_2']",Stable,['Forest - Subtropical/Tropical Moist Montane'],2.0,0,1,0.3
AMPHIBIA,Petropedetes vulpiae,LC,"['Agriculture & aquaculture', 'Agriculture & aquaculture', 'Biological resource use', 'Biological resource use', 'Residential & commercial development', 'Pollution']","['2_1_2', '2_1_3', '5_3_4', '5_3_3', '1_1', '9_3_3']",Decreasing,"['Wetlands (inland) - Permanent Rivers/Streams/Creeks (includes waterfalls)', 'Forest - Subtropical/Tropical Moist Lowland', 'Caves and Subterranean Habitats (non-aquatic) - Caves']",0.0,0.3,1,0.8
AMPHIBIA,Petropedetes euskircheni,EN,"['Agriculture & aquaculture', 'Agriculture & aquaculture', 'Invasive and other problematic species, genes & diseases']","['2_1_2', '2_1_1', '8_1_2']",Decreasing,"['Wetlands (inland) - Permanent Rivers/Streams/Creeks (includes waterfalls)', 'Forest - Subtropical/Tropical Moist Lowland', 'Forest - Subtropical/Tropical Moist Montane']",3.0,0,0,0.2
AMPHIBIA,Petropedetes juliawurstnerae,EN,"['Biological resource use', 'Agriculture & aquaculture', 'Agriculture & aquaculture', 'Invasive and other problematic species, genes & diseases']","['5_3_5', '2_3_4', '2_1_4', '8_1_2']",Decreasing,"['Wetlands (inland) - Permanent Rivers/Streams/Creeks (includes waterfalls)', 'Forest - Subtropical/Tropical Moist Lowland', 'Artificial/Aquatic - Ponds (below 8ha)', 'Forest - Subtropical/Tropical Moist Montane']",3.0,0,0.5,0.2
AMPHIBIA,Plethodon shenandoah,CR,"['Residential & commercial development', 'Pollution', 'Invasive and other problematic species, genes & diseases', 'Invasive and other problematic species, genes & diseases', 'Invasive and other problematic species, genes & diseases', 'Invasive and other problematic species, genes & diseases', 'Invasive and other problematic species, genes & diseases', 'Human intrusions & disturbance']","['11_1', '9_5_4', '8_1_1', '8_2_2', '8_1_2', '8_1_2', '8_1_2', '6_1']",Decreasing,"['Rocky areas (eg. inland cliffs, mountain peaks)', 'Forest - Temperate']",4.0,0.3,1,0.8
AMPHIBIA,Sphaenorhynchus botocudo,LC,"['Agriculture & aquaculture', 'Agriculture & aquaculture', 'Agriculture & aquaculture', 'Agriculture & aquaculture', 'Agriculture & aquaculture', 'Agriculture & aquaculture']","['2_1_2', '2_1_3', '2_2_1', '2_2_2', '2_3_2', '2_3_3']",Unknown,"['Wetlands (inland) - Permanent Freshwater Marshes/Pools (under 8ha)', 'Artificial/Terrestrial - Pastureland', 'Wetlands (inland) - Seasonal/Intermittent Freshwater Marshes/Pools (under 8ha)', 'Forest - Subtropical/Tropical Moist Lowland', 'Artificial/Terrestrial - Plantations', 'Grassland - Subtropical/Tropical Dry', 'Grassland - Subtropical/Tropical Seasonally Wet/Flooded']",0.0,0,0,0.2
AMPHIBIA,Pristimantis muchimuk,VU,"['Residential & commercial development', 'Natural system modifications', 'Invasive and other problematic species, genes & diseases', 'Residential & commercial development', 'Residential & commercial development']","['11_1', '7_1_1', '8_1_1', '11_2', '11_3']",Stable,"['Forest - Subtropical/Tropical Moist Montane', 'Shrubland - Subtropical/Tropical Moist']",2.0,0.5,1,0.3
AMPHIBIA,Trachycephalus mambaiensis,LC,"['Agriculture & aquaculture', 'Natural system modifications', 'Agriculture & aquaculture', 'Pollution', 'Agriculture & aquaculture', 'Agriculture & aquaculture', 'Agriculture & aquaculture', 'Residential & commercial development', 'Agriculture & aquaculture', 'Biological resource use', 'Natural system modifications', 'Natural system modifications', 'Natural system modifications', 'Natural system modifications']","['2_1_3', '7_2_10', '2_2_1', '9_3_3', '2_2_2', '2_3_2', '2_3_3', '1_1', '2_1_2', '5_3_3', '7_1_1', '7_2_9', '7_2_3', '7_2_7']",Decreasing,"['Forest - Subtropical/Tropical Moist Lowland', 'Wetlands (inland) - Seasonal/Intermittent/Irregular Rivers/Streams/Creeks', 'Wetlands (inland) - Seasonal/Intermittent Freshwater Marshes/Pools (under 8ha)', 'Artificial/Terrestrial - Pastureland', 'Artificial/Terrestrial - Rural Gardens', 'Wetlands (inland) - Bogs, Marshes, Swamps, Fens, Peatlands']",0.0,0.5,1,0.8
AMPHIBIA,Hyalinobatrachium carlesvilai,LC,"['Pollution', 'Residential & commercial development', 'Biological resource use', 'Agriculture & aquaculture', 'Biological resource use', 'Natural system modifications']","['9_3_4', '1_1', '5_3_3', '2_3_2', '5_3_4', '7_2_10']",Stable,"['Wetlands (inland) - Permanent Rivers/Streams/Creeks (includes waterfalls)', 'Forest - Subtropical/Tropical Moist Lowland', 'Forest - Subtropical/Tropical Moist Montane']",0.0,0.5,1,0.8
AMPHIBIA,Pristimantis bicantus,VU,"['Agriculture & aquaculture', 'Agriculture & aquaculture']","['2_3_4', '2_1_4']",Decreasing,['Forest - Subtropical/Tropical Moist Montane'],2.0,0,0,0.2
AMPHIBIA,Phyllonastes coloma,DD,[],[],Unknown,['Forest - Subtropical/Tropical Moist Montane'],,[],[],[]
AMPHIBIA,Cryptobatrachus remotus,VU,"['Transportation & service corridors', 'Agriculture & aquaculture', 'Agriculture & aquaculture', 'Agriculture & aquaculture', 'Natural system modifications', 'Natural system modifications']","['4_2', '2_1_2', '2_1_1', '2_3_2', '7_1_1', '7_2_3']",Stable,"['Wetlands (inland) - Permanent Rivers/Streams/Creeks (includes waterfalls)', 'Forest - Subtropical/Tropical Moist Lowland', 'Forest - Subtropical/Tropical Moist Montane']",2.0,0.5,0.5,0.6
AMPHIBIA,Bolitoglossa robinsoni,DD,"['Invasive and other problematic species, genes & diseases']",['8_1_2'],Unknown,"['Shrubland - Subtropical/Tropical High Altitude', 'Forest - Subtropical/Tropical Moist Montane']",,0,0,0
AMPHIBIA,Atelopus chirripoensis,CR,"['Invasive and other problematic species, genes & diseases']",['8_1_2'],Unknown,"['Grassland - Subtropical/Tropical High Altitude', 'Wetlands (inland) - Alpine Wetlands (includes temporary waters from snowmelt)', 'Shrubland - Subtropical/Tropical High Altitude']",4.0,0,0,0
AMPHIBIA,Diasporus ventrimaculatus,VU,"['Residential & commercial development', 'Invasive and other problematic species, genes & diseases', 'Residential & commercial development']","['11_1', '8_1_2', '1_3']",Stable,['Forest - Subtropical/Tropical Moist Montane'],2.0,0,1,0.3
AMPHIBIA,Bolitoglossa pygmaea,VU,"['Invasive and other problematic species, genes & diseases', 'Residential & commercial development']","['8_1_2', '11_1']",Stable,['Grassland - Subtropical/Tropical High Altitude'],2.0,0,1,0.3
AMPHIBIA,Raorchestes akroparallagi,LC,[],[],Stable,"['Artificial/Terrestrial - Plantations', 'Forest - Subtropical/Tropical Moist Lowland', 'Forest - Subtropical/Tropical Moist Montane']",0.0,[],[],[]
AMPHIBIA,Raorchestes chotta,DD,['Agriculture & aquaculture'],['2_1_3'],Unknown,['Artificial/Terrestrial - Plantations'],,0,0,0.2
AMPHIBIA,Raorchestes coonoorensis,LC,"['Agriculture & aquaculture', 'Residential & commercial development']","['2_1_3', '1_3']",Stable,"['Artificial/Terrestrial - Plantations', 'Forest - Subtropical/Tropical Moist Montane']",0.0,0,1,0.3
AMPHIBIA,Raorchestes jayarami,EN,"['Agriculture & aquaculture', 'Agriculture & aquaculture', 'Residential & commercial development', 'Biological resource use', 'Invasive and other problematic species, genes & diseases', 'Natural system modifications', 'Biological resource use', 'Residential & commercial development']","['2_2_2', '2_2_1', '1_3', '5_3_5', '8_1_2', '7_1_1', '5_1_1', '11_1']",Decreasing,"['Forest - Subtropical/Tropical Moist Lowland', 'Forest - Subtropical/Tropical Moist Montane']",3.0,0.5,1,0.3
AMPHIBIA,Pseudophilautus kani,LC,"['Agriculture & aquaculture', 'Biological resource use']","['2_1_3', '5_3_5']",Stable,"['Artificial/Terrestrial - Subtropical/Tropical Heavily Degraded Former Forest', 'Forest - Subtropical/Tropical Moist Lowland', 'Forest - Subtropical/Tropical Moist Montane']",0.0,0,0.5,0.2
AMPHIBIA,Raorchestes sushili,CR,"['Agriculture & aquaculture', 'Agriculture & aquaculture']","['2_1_3', '2_1_2']",Unknown,['Forest - Subtropical/Tropical Moist Lowland'],4.0,0,0,0.2
AMPHIBIA,Gracixalus quyeti,EN,"['Transportation & service corridors', 'Natural system modifications', 'Agriculture & aquaculture', 'Biological resource use', 'Biological resource use']","['4_1', '7_1_1', '2_1_2', '5_2_2', '5_3_4']",Unknown,"['Forest - Subtropical/Tropical Moist Lowland', 'Forest - Subtropical/Tropical Moist Montane', 'Artificial/Terrestrial - Subtropical/Tropical Heavily Degraded Former Forest']",3.0,0.5,0.5,0.6
AMPHIBIA,Theloderma lateriticum,LC,"['Agriculture & aquaculture', 'Natural system modifications', 'Biological resource use', 'Natural system modifications']","['2_1_4', '7_2_10', '5_3_4', '7_1_1']",Decreasing,"['Wetlands (inland) - Permanent Rivers/Streams/Creeks (includes waterfalls)', 'Wetlands (inland) - Seasonal/Intermittent/Irregular Rivers/Streams/Creeks', 'Forest - Subtropical/Tropical Moist Montane']",0.0,0.5,0.5,0.2
AMPHIBIA,Raorchestes chromasynchysi,VU,"['Agriculture & aquaculture', 'Agriculture & aquaculture', 'Human intrusions & disturbance']","['2_1_3', '2_1_2', '6_1']",Stable,"['Artificial/Terrestrial - Plantations', 'Forest - Subtropical/Tropical Moist Montane']",2.0,0,0.5,0.2
AMPHIBIA,Brachycephalus pitanga,LC,['Biological resource use'],['5_3_4'],Stable,['Forest - Subtropical/Tropical Moist Lowland'],0.0,0,0.5,0
AMPHIBIA,Boana caipora,LC,"['Residential & commercial development', 'Agriculture & aquaculture', 'Agriculture & aquaculture', 'Agriculture & aquaculture']","['1_1', '2_1_2', '2_2_2', '2_1_3']",Stable,"['Wetlands (inland) - Permanent Rivers/Streams/Creeks (includes waterfalls)', 'Forest - Subtropical/Tropical Moist Lowland']",0.0,0,1,0.3
AMPHIBIA,Allobates paleovarzensis,NT,"['Energy production & mining', 'Biological resource use', 'Biological resource use']","['3_2', '5_3_1', '5_3_2']",Stable,"['Wetlands (inland) - Seasonal/Intermittent/Irregular Rivers/Streams/Creeks', 'Wetlands (inland) - Permanent Rivers/Streams/Creeks (includes waterfalls)', 'Forest - Subtropical/Tropical Moist Lowland']",1.0,0,0.5,1
AMPHIBIA,Bokermannohyla juiju,EN,"['Natural system modifications', 'Pollution', 'Pollution', 'Pollution', 'Residential & commercial development', 'Residential & commercial development', 'Residential & commercial development', 'Agriculture & aquaculture', 'Human intrusions & disturbance', 'Agriculture & aquaculture']","['7_1_1', '9_3_2', '9_3_3', '9_4', '11_1', '11_2', '11_3', '2_3_2', '6_1', '2_1_2']",Decreasing,"['Wetlands (inland) - Seasonal/Intermittent/Irregular Rivers/Streams/Creeks', 'Wetlands (inland) - Permanent Rivers/Streams/Creeks (includes waterfalls)', 'Forest - Subtropical/Tropical Moist Montane']",3.0,0.5,1,0.8
AMPHIBIA,Dendrophryniscus organensis,DD,"['Invasive and other problematic species, genes & diseases']",['8_1_2'],Unknown,['Forest - Subtropical/Tropical Moist Montane'],,0,0,0
AMPHIBIA,Anodonthyla pollicaris,DD,['Agriculture & aquaculture'],['2_1_2'],Unknown,['Forest - Subtropical/Tropical Moist Lowland'],,0,0,0.2
AMPHIBIA,Anodonthyla emilei,EN,"['Invasive and other problematic species, genes & diseases', 'Agriculture & aquaculture', 'Agriculture & aquaculture', 'Natural system modifications', 'Biological resource use', 'Energy production & mining', 'Residential & commercial development', 'Agriculture & aquaculture']","['8_1_1', '2_1_2', '2_1_1', '7_1_3', '5_3_3', '3_2', '1_1', '2_3_2']",Decreasing,"['Forest - Subtropical/Tropical Moist Lowland', 'Forest - Subtropical/Tropical Moist Montane']",3.0,0.5,1,1
AMPHIBIA,Anodonthyla vallani,CR,"['Natural system modifications', 'Biological resource use']","['7_1_1', '5_3_1']",Unknown,['Forest - Subtropical/Tropical Moist Montane'],4.0,0.5,0.5,0
AMPHIBIA,Allobates algorei,LC,[],[],Stable,"['Artificial/Terrestrial - Subtropical/Tropical Heavily Degraded Former Forest', 'Forest - Subtropical/Tropical Moist Lowland']",0.0,[],[],[]
AMPHIBIA,Ectopoglossus confusus,EN,"['Biological resource use', 'Agriculture & aquaculture', 'Biological resource use', 'Agriculture & aquaculture', 'Invasive and other problematic species, genes & diseases']","['5_3_4', '2_3_2', '5_3_3', '2_1_2', '8_1_2']",Decreasing,"['Wetlands (inland) - Seasonal/Intermittent/Irregular Rivers/Streams/Creeks', 'Wetlands (inland) - Permanent Rivers/Streams/Creeks (includes waterfalls)', 'Forest - Subtropical/Tropical Moist Montane']",3.0,0,0.5,0.2
AMPHIBIA,Nyctimantis arapapa,VU,"['Agriculture & aquaculture', 'Agriculture & aquaculture', 'Residential & commercial development', 'Residential & commercial development']","['2_4_3', '2_3_2', '1_1', '1_2']",Decreasing,"['Forest - Subtropical/Tropical Moist Lowland', 'Shrubland - Subtropical/Tropical Moist']",2.0,0,1,0.3
AMPHIBIA,Arthroleptis perreti,EN,"['Agriculture & aquaculture', 'Biological resource use']","['2_3_1', '5_3_1']",Unknown,['Forest - Subtropical/Tropical Moist Montane'],3.0,0,0.5,0.2
AMPHIBIA,Austrochaperina minutissima,DD,[],[],Stable,['Forest - Subtropical/Tropical Moist Lowland'],,[],[],[]
AMPHIBIA,Bryophryne hanssaueri,LC,"['Natural system modifications', 'Invasive and other problematic species, genes & diseases']","['7_1_1', '8_1_2']",Stable,['Forest - Subtropical/Tropical Moist Montane'],0.0,0.5,0.5,0
AMPHIBIA,Bufo eichwaldi,VU,"['Pollution', 'Agriculture & aquaculture', 'Agriculture & aquaculture', 'Biological resource use', 'Pollution', 'Invasive and other problematic species, genes & diseases', 'Invasive and other problematic species, genes & diseases']","['9_1_1', '2_2_1', '2_3_2', '5_3_1', '9_2_3', '8_1_2', '8_1_2']",Decreasing,"['Artificial/Terrestrial - Plantations', 'Wetlands (inland) - Bogs, Marshes, Swamps, Fens, Peatlands', 'Wetlands (inland) - Permanent Rivers/Streams/Creeks (includes waterfalls)', 'Forest - Temperate', 'Artificial/Terrestrial - Rural Gardens']",2.0,0.3,0.5,0.8
AMPHIBIA,Cryptotriton sierraminensis,DD,"['Residential & commercial development', 'Natural system modifications', 'Biological resource use', 'Agriculture & aquaculture', 'Invasive and other problematic species, genes & diseases']","['11_1', '7_1_3', '5_3_3', '2_1_2', '8_1_2']",Stable,['Forest - Subtropical/Tropical Moist Montane'],,0.5,1,0.3
AMPHIBIA,Gastrophrynoides immaculatus,VU,"['Residential & commercial development', 'Residential & commercial development', 'Residential & commercial development', 'Biological resource use']","['11_2', '11_3', '11_1', '5_3_3']",Unknown,"['Forest - Subtropical/Tropical Moist Montane', 'Forest - Subtropical/Tropical Moist Lowland']",2.0,0,1,0.3
AMPHIBIA,Ichthyophis khumhzi,DD,"['Agriculture & aquaculture', 'Transportation & service corridors', 'Human intrusions & disturbance']","['2_1_2', '4_1', '6_2']",Unknown,"['Artificial/Terrestrial - Plantations', 'Wetlands (inland) - Bogs, Marshes, Swamps, Fens, Peatlands', 'Forest - Subtropical/Tropical Moist Lowland']",,0,0.5,0.6
AMPHIBIA,Ichthyophis moustakius,DD,"['Agriculture & aquaculture', 'Human intrusions & disturbance']","['2_1_2', '6_2']",Unknown,"['Artificial/Terrestrial - Rural Gardens', 'Forest - Subtropical/Tropical Moist Lowland', 'Forest - Subtropical/Tropical Moist Montane']",,0,0.5,0.2
AMPHIBIA,Ichthyophis sendenyu,DD,['Agriculture & aquaculture'],['2_1_2'],Unknown,"['Artificial/Terrestrial - Plantations', 'Forest - Subtropical/Tropical Moist Lowland']",,0,0,0.2
AMPHIBIA,Limnonectes megastomias,VU,"['Agriculture & aquaculture', 'Biological resource use']","['2_1_3', '5_1_1']",Decreasing,"['Forest - Subtropical/Tropical Moist Lowland', 'Forest - Subtropical/Tropical Moist Montane', 'Wetlands (inland) - Permanent Rivers/Streams/Creeks (includes waterfalls)', 'Artificial/Terrestrial - Subtropical/Tropical Heavily Degraded Former Forest']",2.0,0,0.5,0.2
AMPHIBIA,Noblella pygmaea,LC,['Natural system modifications'],['7_1_1'],Stable,"['Grassland - Subtropical/Tropical High Altitude', 'Shrubland - Subtropical/Tropical High Altitude', 'Forest - Subtropical/Tropical Moist Montane']",0.0,0.5,0.5,0
AMPHIBIA,Odorrana geminata,VU,"['Agriculture & aquaculture', 'Agriculture & aquaculture']","['2_1_3', '2_1_2']",Decreasing,"['Forest - Subtropical/Tropical Moist Montane', 'Wetlands (inland) - Permanent Rivers/Streams/Creeks (includes waterfalls)', 'Forest - Subtropical/Tropical Moist Lowland']",2.0,0,0,0.2
AMPHIBIA,Osteocephalus castaneicola,LC,"['Agriculture & aquaculture', 'Agriculture & aquaculture', 'Residential & commercial development', 'Energy production & mining']","['2_3_2', '2_1_2', '1_1', '3_2']",Stable,"['Wetlands (inland) - Seasonal/Intermittent Freshwater Marshes/Pools (under 8ha)', 'Forest - Subtropical/Tropical Moist Lowland']",0.0,0,1,1
AMPHIBIA,Pristimantis divnae,LC,"['Biological resource use', 'Residential & commercial development', 'Energy production & mining']","['5_3_5', '1_1', '3_2']",Unknown,['Forest - Subtropical/Tropical Moist Lowland'],0.0,0,1,1
AMPHIBIA,Pristimantis reichlei,LC,[],[],Stable,"['Forest - Subtropical/Tropical Moist Lowland', 'Artificial/Terrestrial - Subtropical/Tropical Heavily Degraded Former Forest', 'Forest - Subtropical/Tropical Moist Montane']",0.0,[],[],[]
AMPHIBIA,Scinax iquitorum,LC,"['Residential & commercial development', 'Transportation & service corridors', 'Biological resource use']","['1_2', '4_1', '5_3_4']",Unknown,"['Forest - Subtropical/Tropical Moist Lowland', 'Wetlands (inland) - Seasonal/Intermittent Freshwater Marshes/Pools (under 8ha)']",0.0,0,1,0.6
AMPHIBIA,Minervarya chilapata,DD,['Biological resource use'],['5_3_1'],Unknown,"['Wetlands (inland) - Seasonal/Intermittent Freshwater Marshes/Pools (under 8ha)', 'Forest - Subtropical/Tropical Moist Lowland']",,0,0.5,0
AMPHIBIA,Rhaebo andinophrynoides,VU,"['Agriculture & aquaculture', 'Pollution', 'Agriculture & aquaculture', 'Agriculture & aquaculture', 'Agriculture & aquaculture', 'Energy production & mining', 'Agriculture & aquaculture']","['2_1_4', '9_3_3', '2_2_1', '2_2_2', '2_3_2', '3_2', '2_1_2']",Decreasing,['Forest - Subtropical/Tropical Moist Montane'],2.0,0.3,0,1
AMPHIBIA,Leptobrachella applebyi,EN,"['Agriculture & aquaculture', 'Biological resource use']","['2_1_3', '5_3_3']",Decreasing,"['Wetlands (inland) - Permanent Rivers/Streams/Creeks (includes waterfalls)', 'Forest - Subtropical/Tropical Moist Montane']",3.0,0,0.5,0.2
AMPHIBIA,Pristimantis academicus,LC,"['Residential & commercial development', 'Energy production & mining', 'Energy production & mining', 'Biological resource use']","['1_1', '3_1', '3_2', '5_3_3']",Unknown,['Forest - Subtropical/Tropical Moist Lowland'],0.0,0,1,1
AMPHIBIA,Callulina hanseni,CR,"['Agriculture & aquaculture', 'Residential & commercial development']","['2_1_2', '1_1']",Unknown,['Forest - Subtropical/Tropical Moist Montane'],4.0,0,1,0.3
AMPHIBIA,Callulina kanga,CR,['Residential & commercial development'],['1_1'],Unknown,['Forest - Subtropical/Tropical Moist Montane'],4.0,0,1,0.3
AMPHIBIA,Callulina laphami,CR,"['Biological resource use', 'Agriculture & aquaculture', 'Residential & commercial development']","['5_3_3', '2_1_2', '1_1']",Unknown,['Forest - Subtropical/Tropical Moist Montane'],4.0,0,1,0.3
AMPHIBIA,Callulina shengena,CR,['Biological resource use'],['5_3_4'],Unknown,['Forest - Subtropical/Tropical Moist Montane'],4.0,0,0.5,0
AMPHIBIA,Callulina stanleyi,CR,"['Biological resource use', 'Agriculture & aquaculture', 'Residential & commercial development']","['5_3_1', '2_1_2', '1_1']",Unknown,['Forest - Subtropical/Tropical Moist Montane'],4.0,0,1,0.3
AMPHIBIA,Bolitoglossa centenorum,CR,"['Agriculture & aquaculture', 'Agriculture & aquaculture', 'Biological resource use', 'Residential & commercial development', 'Invasive and other problematic species, genes & diseases', 'Biological resource use']","['2_1_2', '2_3_2', '5_3_3', '11_2', '8_1_2', '5_2_3']",Decreasing,['Forest - Subtropical/Tropical Moist Montane'],4.0,0,1,0.3
AMPHIBIA,Bolitoglossa daryorum,EN,"['Residential & commercial development', 'Natural system modifications', 'Agriculture & aquaculture', 'Agriculture & aquaculture', 'Energy production & mining', 'Pollution', 'Invasive and other problematic species, genes & diseases', 'Biological resource use']","['11_2', '7_1_1', '2_1_2', '2_1_3', '3_2', '9_3_3', '8_1_2', '5_3_4']",Decreasing,['Forest - Subtropical/Tropical Moist Montane'],3.0,0.5,1,1
AMPHIBIA,Bolitoglossa eremia,EN,"['Agriculture & aquaculture', 'Residential & commercial development', 'Agriculture & aquaculture', 'Residential & commercial development', 'Biological resource use', 'Pollution', 'Invasive and other problematic species, genes & diseases']","['2_1_2', '1_1', '2_3_2', '11_2', '5_3_3', '9_3_3', '8_1_2']",Decreasing,['Forest - Temperate'],3.0,0.3,1,0.8
AMPHIBIA,Bolitoglossa huehuetenanguensis,CR,"['Agriculture & aquaculture', 'Biological resource use', 'Agriculture & aquaculture', 'Residential & commercial development', 'Invasive and other problematic species, genes & diseases', 'Biological resource use']","['2_1_2', '5_3_3', '2_3_2', '11_2', '8_1_2', '5_1_3']",Decreasing,['Forest - Temperate'],4.0,0,1,0.3
AMPHIBIA,Bolitoglossa kaqchikelorum,EN,"['Agriculture & aquaculture', 'Residential & commercial development', 'Biological resource use', 'Agriculture & aquaculture', 'Biological resource use', 'Residential & commercial development']","['2_1_2', '1_1', '5_3_3', '2_1_3', '5_2_2', '11_2']",Decreasing,"['Forest - Temperate', 'Forest - Subtropical/Tropical Moist Montane']",3.0,0,1,0.3
AMPHIBIA,Bolitoglossa la,EN,"['Invasive and other problematic species, genes & diseases', 'Agriculture & aquaculture', 'Residential & commercial development', 'Agriculture & aquaculture', 'Pollution', 'Natural system modifications', 'Pollution', 'Residential & commercial development', 'Biological resource use', 'Biological resource use', 'Biological resource use']","['8_1_2', '2_3_2', '1_1', '2_1_2', '9_3_3', '7_2_1', '9_1_2', '11_2', '5_2_2', '5_3_3', '5_1_3']",Decreasing,"['Forest - Subtropical/Tropical Moist Montane', 'Forest - Temperate']",3.0,0.5,1,0.8
AMPHIBIA,Bolitoglossa ninadormida,CR,"['Invasive and other problematic species, genes & diseases', 'Biological resource use', 'Residential & commercial development', 'Agriculture & aquaculture', 'Agriculture & aquaculture', 'Biological resource use']","['8_1_2', '5_3_3', '11_2', '2_3_2', '2_1_2', '5_1_3']",Decreasing,"['Forest - Subtropical/Tropical Moist Montane', 'Forest - Temperate']",4.0,0,1,0.3
AMPHIBIA,Bolitoglossa nussbaumi,CR,"['Invasive and other problematic species, genes & diseases', 'Residential & commercial development', 'Biological resource use', 'Agriculture & aquaculture', 'Agriculture & aquaculture']","['8_1_2', '11_2', '5_3_3', '2_3_2', '2_1_2']",Decreasing,['Forest - Temperate'],4.0,0,1,0.3
REPTILIA,Heosemys annandalii,CR,"['Biological resource use', 'Residential & commercial development', 'Transportation & service corridors', 'Pollution', 'Residential & commercial development', 'Biological resource use']","['5_4_1', '1_1', '4_1', '9_3_3', '11_1', '5_1_1']",Decreasing,"['Wetlands (inland) - Seasonal/Intermittent Freshwater Marshes/Pools (under 8ha)', 'Wetlands (inland) - Seasonal/Intermittent Freshwater Lakes (over 8ha)', 'Wetlands (inland) - Permanent Freshwater Lakes (over 8ha)', 'Wetlands (inland) - Bogs, Marshes, Swamps, Fens, Peatlands', 'Wetlands (inland) - Permanent Rivers/Streams/Creeks (includes waterfalls)', 'Forest - Subtropical/Tropical Swamp', 'Artificial/Aquatic - Seasonally Flooded Agricultural Land']",4.0,0.3,1,0.8
REPTILIA,Iguanognathus werneri,DD,[],[],Decreasing,['Unknown'],,[],[],[]
REPTILIA,Indotestudo elongata,CR,"['Agriculture & aquaculture', 'Biological resource use', 'Biological resource use', 'Agriculture & aquaculture', 'Transportation & service corridors', 'Pollution', 'Biological resource use']","['2_1_4', '5_2_2', '5_1_1', '2_1_2', '4_1', '9_3_2', '5_1_2']",Decreasing,"['Shrubland - Subtropical/Tropical Dry', 'Forest - Subtropical/Tropical Dry']",4.0,0.3,0.5,0.8
REPTILIA,Indotestudo forstenii,CR,"['Biological resource use', 'Agriculture & aquaculture', 'Agriculture & aquaculture']","['5_1_1', '2_2_1', '2_1_2']",Decreasing,"['Forest - Subtropical/Tropical Dry', 'Artificial/Terrestrial - Plantations', 'Wetlands (inland) - Permanent Rivers/Streams/Creeks (includes waterfalls)', 'Forest - Subtropical/Tropical Moist Lowland']",4.0,0,0.5,0.2
REPTILIA,Amblyrhynchus cristatus,VU,"['Residential & commercial development', 'Pollution', 'Residential & commercial development', 'Pollution', 'Residential & commercial development', 'Residential & commercial development', 'Invasive and other problematic species, genes & diseases', 'Invasive and other problematic species, genes & diseases', 'Invasive and other problematic species, genes & diseases', 'Human intrusions & disturbance', 'Invasive and other problematic species, genes & diseases', 'Residential & commercial development', 'Invasive and other problematic species, genes & diseases']","['11_4', '9_2_1', '1_1', '9_4', '11_1', '11_3', '8_1_2', '8_1_2', '8_1_2', '6_1', '8_1_2', '12_1', '8_1_2']",Decreasing,"['Marine Intertidal - Mud Flats and Salt Flats', 'Marine Intertidal - Rocky Shoreline', 'Marine Neritic - Subtidal Rock and Rocky Reefs', 'Marine Intertidal - Sandy Shoreline and/or Beaches, Sand Bars, Spits, Etc', 'Marine Intertidal - Shingle and/or Pebble Shoreline and/or Beaches', 'Shrubland - Subtropical/Tropical Dry']",2.0,0.3,1,0.8
REPTILIA,Batagur kachuga,CR,"['Pollution', 'Pollution', 'Pollution', 'Pollution', 'Natural system modifications', 'Pollution', 'Human intrusions & disturbance', 'Biological resource use', 'Biological resource use']","['9_1_1', '9_3_4', '9_1_3', '9_2_3', '7_2_11', '9_3_2', '6_1', '5_4_1', '5_4_3']",Decreasing,['Wetlands (inland) - Permanent Rivers/Streams/Creeks (includes waterfalls)'],4.0,0.5,0.5,0.8
REPTILIA,Pangshura sylhetensis,CR,"['Pollution', 'Natural system modifications', 'Biological resource use', 'Human intrusions & disturbance', 'Natural system modifications']","['9_3_2', '7_2_11', '5_4_1', '6_1', '7_3']",Decreasing,"['Wetlands (inland) - Seasonal/Intermittent/Irregular Rivers/Streams/Creeks', 'Wetlands (inland) - Permanent Rivers/Streams/Creeks (includes waterfalls)']",4.0,0.5,0.5,0.8
REPTILIA,Batagur trivittata,CR,"['Biological resource use', 'Energy production & mining', 'Energy production & mining', 'Natural system modifications', 'Biological resource use', 'Residential & commercial development', 'Transportation & service corridors', 'Agriculture & aquaculture', 'Pollution', 'Pollution', 'Agriculture & aquaculture', 'Residential & commercial development']","['5_4_1', '3_3', '3_2', '7_2_10', '5_4_3', '11_1', '4_3', '2_1_1', '9_3_2', '9_2_2', '2_4_1', '11_4']",Decreasing,"['Wetlands (inland) - Permanent Rivers/Streams/Creeks (includes waterfalls)', 'Marine Intertidal - Sandy Shoreline and/or Beaches, Sand Bars, Spits, Etc']",4.0,0.5,1,1
REPTILIA,Batagur dhongoka,CR,"['Pollution', 'Pollution', 'Pollution', 'Natural system modifications', 'Pollution', 'Pollution', 'Biological resource use', 'Biological resource use']","['9_3_4', '9_1_3', '9_2_3', '7_2_11', '9_3_2', '9_1_1', '5_4_3', '5_4_1']",Decreasing,['Wetlands (inland) - Permanent Rivers/Streams/Creeks (includes waterfalls)'],4.0,0.5,0.5,0.8
REPTILIA,Lissemys scutata,LC,"['Energy production & mining', 'Biological resource use', 'Agriculture & aquaculture', 'Agriculture & aquaculture', 'Agriculture & aquaculture', 'Pollution', 'Pollution', 'Pollution', 'Biological resource use', 'Residential & commercial development', 'Residential & commercial development']","['3_2', '5_4_1', '2_2_1', '2_3_2', '2_1_1', '9_2_2', '9_3_2', '9_3_3', '5_4_3', '11_1', '11_4']",Stable,"['Wetlands (inland) - Seasonal/Intermittent Freshwater Marshes/Pools (under 8ha)', 'Artificial/Aquatic - Seasonally Flooded Agricultural Land', 'Wetlands (inland) - Bogs, Marshes, Swamps, Fens, Peatlands']",0.0,0.3,1,1
REPTILIA,Macrochelys temminckii,EN,"['Biological resource use', 'Invasive and other problematic species, genes & diseases', 'Invasive and other problematic species, genes & diseases', 'Natural system modifications', 'Natural system modifications', 'Biological resource use', 'Biological resource use', 'Biological resource use', 'Residential & commercial development', 'Agriculture & aquaculture', 'Human intrusions & disturbance', 'Natural system modifications', 'Pollution', 'Residential & commercial development', 'Pollution', 'Residential & commercial development', 'Pollution', 'Residential & commercial development', 'Transportation & service corridors', 'Agriculture & aquaculture', 'Residential & commercial development', 'Residential & commercial development', 'Transportation & service corridors', 'Human intrusions & disturbance']","['5_4_2', '8_1_2', '8_2', '7_2_10', '7_2_9', '5_4_3', '5_4_1', '5_4_4', '11_3', '2_1_4', '6_1', '7_3', '9_2_1', '11_4', '9_3_2', '1_1', '9_3_3', '11_1', '4_1', '2_1_3', '11_2', '1_2', '4_3', '6_3']",Decreasing,"['Wetlands (inland) - Permanent Freshwater Marshes/Pools (under 8ha)', 'Wetlands (inland) - Permanent Freshwater Lakes (over 8ha)', 'Wetlands (inland) - Shrub Dominated Wetlands', 'Wetlands (inland) - Bogs, Marshes, Swamps, Fens, Peatlands', 'Wetlands (inland) - Permanent Rivers/Streams/Creeks (includes waterfalls)']",3.0,0.5,1,0.8
REPTILIA,Malaclemys terrapin,VU,"['Pollution', 'Biological resource use', 'Biological resource use', 'Pollution', 'Residential & commercial development', 'Residential & commercial development', 'Pollution', 'Invasive and other problematic species, genes & diseases', 'Human intrusions & disturbance', 'Pollution', 'Pollution', 'Pollution', 'Biological resource use', 'Biological resource use', 'Energy production & mining', 'Transportation & service corridors', 'Residential & commercial development', 'Transportation & service corridors', 'Residential & commercial development', 'Residential & commercial development', 'Pollution', 'Invasive and other problematic species, genes & diseases']","['9_1_1', '5_4_2', '5_4_4', '9_4', '11_1', '11_4', '9_3_2', '8_2', '6_1', '9_2_1', '9_3_3', '9_1_2', '5_4_1', '5_4_3', '3_1', '4_1', '1_1', '4_3', '1_3', '1_2', '9_3_1', '8_1_2']",Decreasing,"['Marine Neritic - Subtidal Sandy', 'Marine Coastal/Supratidal - Coastal Brackish/Saline Lagoons/Marine Lakes', 'Marine Neritic - Subtidal Sandy-Mud', 'Marine Neritic - Subtidal Loose Rock/pebble/gravel', 'Marine Intertidal - Sandy Shoreline and/or Beaches, Sand Bars, Spits, Etc', 'Marine Intertidal - Mud Flats and Salt Flats', 'Marine Neritic - Estuaries', 'Marine Intertidal - Salt Marshes (Emergent Grasses)', 'Marine Intertidal - Mangrove Submerged Roots', 'Marine Coastal/Supratidal - Coastal Sand Dunes']",2.0,0.3,1,1
REPTILIA,Malacochersus tornieri,CR,"['Agriculture & aquaculture', 'Residential & commercial development', 'Agriculture & aquaculture', 'Agriculture & aquaculture', 'Biological resource use', 'Residential & commercial development', 'Natural system modifications']","['2_1_2', '1_1', '2_3_2', '2_3_1', '5_1_1', '11_2', '7_1_1']",Decreasing,"['Rocky areas (eg. inland cliffs, mountain peaks)', 'Shrubland - Subtropical/Tropical Dry', 'Grassland - Subtropical/Tropical Dry', 'Savanna - Dry']",4.0,0.5,1,0.3
REPTILIA,Manouria emys,CR,"['Agriculture & aquaculture', 'Biological resource use', 'Agriculture & aquaculture', 'Residential & commercial development', 'Agriculture & aquaculture', 'Transportation & service corridors', 'Agriculture & aquaculture', 'Biological resource use', 'Biological resource use', 'Human intrusions & disturbance', 'Biological resource use', 'Residential & commercial development']","['2_2_3', '5_1_1', '2_2_2', '11_2', '2_1_2', '4_1', '2_3_4', '5_1_2', '5_3_3', '6_1', '5_2_2', '11_1']",Decreasing,"['Forest - Subtropical/Tropical Moist Lowland', 'Forest - Subtropical/Tropical Moist Montane']",4.0,0,1,0.6
REPTILIA,Manouria impressa,EN,"['Biological resource use', 'Agriculture & aquaculture', 'Biological resource use', 'Natural system modifications']","['5_1_1', '2_1_4', '5_2_2', '7_1_1']",Decreasing,"['Forest - Subtropical/Tropical Moist Montane', 'Forest - Subtropical/Tropical Dry', 'Forest - Subtropical/Tropical Moist Lowland']",3.0,0.5,0.5,0.2
REPTILIA,Mauremys annamensis,CR,"['Biological resource use', 'Biological resource use', 'Agriculture & aquaculture', 'Agriculture & aquaculture']","['5_4_1', '5_4_2', '2_1_3', '2_1_2']",Decreasing,"['Wetlands (inland) - Permanent Freshwater Marshes/Pools (under 8ha)', 'Wetlands (inland) - Bogs, Marshes, Swamps, Fens, Peatlands', 'Wetlands (inland) - Seasonal/Intermittent Freshwater Marshes/Pools (under 8ha)', 'Wetlands (inland) - Shrub Dominated Wetlands', 'Artificial/Aquatic - Canals and Drainage Channels, Ditches', 'Artificial/Aquatic - Seasonally Flooded Agricultural Land', 'Artificial/Aquatic - Irrigated Land (includes irrigation channels)', 'Artificial/Aquatic - Ponds (below 8ha)']",4.0,0,0.5,0.2
REPTILIA,Melanochelys tricarinata,EN,"['Natural system modifications', 'Natural system modifications', 'Biological resource use', 'Agriculture & aquaculture']","['7_2_11', '7_1_3', '5_1_1', '2_1_1']",Decreasing,"['Forest - Subtropical/Tropical Moist Lowland', 'Savanna - Moist', 'Grassland - Subtropical/Tropical Dry', 'Grassland - Subtropical/Tropical Seasonally Wet/Flooded', 'Wetlands (inland) - Permanent Rivers/Streams/Creeks (includes waterfalls)']",3.0,0.5,0.5,0.2
REPTILIA,Melanochelys trijuga,LC,"['Agriculture & aquaculture', 'Agriculture & aquaculture', 'Biological resource use', 'Biological resource use', 'Transportation & service corridors', 'Residential & commercial development', 'Pollution', 'Invasive and other problematic species, genes & diseases', 'Natural system modifications', 'Natural system modifications', 'Agriculture & aquaculture', 'Residential & commercial development', 'Residential & commercial development', 'Agriculture & aquaculture', 'Agriculture & aquaculture', 'Residential & commercial development', 'Residential & commercial development', 'Pollution', 'Natural system modifications']","['2_1_3', '2_2_2', '5_4_1', '5_4_3', '4_1', '1_1', '9_1_1', '8_2_1', '7_2_10', '7_2_9', '2_1_1', '1_3', '1_2', '2_4_2', '2_3_1', '11_2', '11_1', '9_3_3', '7_2_2']",Decreasing,"['Wetlands (inland) - Seasonal/Intermittent Freshwater Marshes/Pools (under 8ha)', 'Wetlands (inland) - Permanent Freshwater Marshes/Pools (under 8ha)', 'Wetlands (inland) - Seasonal/Intermittent Freshwater Lakes (over 8ha)', 'Wetlands (inland) - Permanent Freshwater Lakes (over 8ha)', 'Artificial/Aquatic - Irrigated Land (includes irrigation channels)', 'Wetlands (inland) - Bogs, Marshes, Swamps, Fens, Peatlands', 'Artificial/Aquatic - Canals and Drainage Channels, Ditches', 'Artificial/Aquatic - Seasonally Flooded Agricultural Land', 'Artificial/Aquatic - Water Storage Areas (over 8ha)', 'Artificial/Aquatic - Ponds (below 8ha)']",0.0,0.5,1,0.8
REPTILIA,Melanosuchus niger,LC,"['Residential & commercial development', 'Residential & commercial development', 'Agriculture & aquaculture', 'Agriculture & aquaculture', 'Agriculture & aquaculture', 'Biological resource use', 'Biological resource use', 'Energy production & mining', 'Transportation & service corridors', 'Biological resource use', 'Biological resource use', 'Biological resource use', 'Biological resource use', 'Human intrusions & disturbance', 'Natural system modifications', 'Natural system modifications', 'Natural system modifications', 'Natural system modifications', 'Natural system modifications', 'Natural system modifications', 'Pollution', 'Pollution', 'Pollution', 'Residential & commercial development', 'Pollution', 'Pollution', 'Residential & commercial development', 'Residential & commercial development', 'Residential & commercial development']","['1_1', '1_2', '2_3_4', '2_3_1', '2_3_2', '5_4_1', '5_4_2', '3_1', '4_1', '5_4_3', '5_4_4', '5_4_5', '5_4_6', '6_1', '7_2_2', '7_2_4', '7_2_9', '7_2_10', '7_2_11', '7_3', '9_1_1', '9_1_2', '9_2_1', '11_2', '9_3_4', '9_4', '11_1', '11_4', '11_3']",Increasing,"['Forest - Subtropical/Tropical Mangrove Vegetation Above High Tide Level', 'Grassland - Subtropical/Tropical Seasonally Wet/Flooded', 'Wetlands (inland) - Permanent Rivers/Streams/Creeks (includes waterfalls)', 'Wetlands (inland) - Seasonal/Intermittent/Irregular Rivers/Streams/Creeks', 'Forest - Subtropical/Tropical Swamp', 'Artificial/Aquatic - Water Storage Areas (over 8ha)', 'Artificial/Aquatic - Canals and Drainage Channels, Ditches', 'Wetlands (inland) - Bogs, Marshes, Swamps, Fens, Peatlands', 'Wetlands (inland) - Seasonal/Intermittent Freshwater Lakes (over 8ha)', 'Wetlands (inland) - Permanent Inland Deltas']",0.0,0.5,1,1
REPTILIA,Morenia ocellata,EN,"['Biological resource use', 'Agriculture & aquaculture', 'Agriculture & aquaculture', 'Agriculture & aquaculture', 'Pollution', 'Pollution', 'Pollution', 'Invasive and other problematic species, genes & diseases', 'Residential & commercial development', 'Residential & commercial development', 'Residential & commercial development']","['5_4_1', '2_4_1', '2_3_3', '2_1_1', '9_2_2', '9_3_2', '9_3_3', '8_1_1', '11_1', '11_4', '11_3']",Decreasing,"['Wetlands (inland) - Permanent Rivers/Streams/Creeks (includes waterfalls)', 'Artificial/Aquatic - Seasonally Flooded Agricultural Land', 'Wetlands (inland) - Bogs, Marshes, Swamps, Fens, Peatlands', 'Wetlands (inland) - Permanent Freshwater Marshes/Pools (under 8ha)', 'Forest - Subtropical/Tropical Mangrove Vegetation Above High Tide Level', 'Marine Intertidal - Mangrove Submerged Roots']",3.0,0.3,1,0.8
REPTILIA,Morenia petersi,EN,"['Natural system modifications', 'Pollution', 'Pollution', 'Biological resource use', 'Pollution', 'Agriculture & aquaculture']","['7_2_11', '9_3_3', '9_3_1', '5_4_1', '9_1_1', '2_1_4']",Decreasing,"['Wetlands (inland) - Seasonal/Intermittent Freshwater Marshes/Pools (under 8ha)', 'Wetlands (inland) - Permanent Freshwater Marshes/Pools (under 8ha)', 'Wetlands (inland) - Seasonal/Intermittent Freshwater Lakes (over 8ha)', 'Wetlands (inland) - Permanent Freshwater Lakes (over 8ha)', 'Wetlands (inland) - Bogs, Marshes, Swamps, Fens, Peatlands', 'Artificial/Aquatic - Irrigated Land (includes irrigation channels)', 'Artificial/Aquatic - Canals and Drainage Channels, Ditches', 'Wetlands (inland) - Permanent Rivers/Streams/Creeks (includes waterfalls)', 'Artificial/Aquatic - Seasonally Flooded Agricultural Land', 'Artificial/Aquatic - Water Storage Areas (over 8ha)', 'Artificial/Aquatic - Ponds (below 8ha)']",3.0,0.5,0.5,0.8
REPTILIA,Natrix natrix,LC,"['Energy production & mining', 'Biological resource use', 'Pollution', 'Pollution', 'Pollution']","['3_2', '5_1_3', '9_3_4', '9_1_3', '9_2_3']",Stable,"['Wetlands (inland) - Bogs, Marshes, Swamps, Fens, Peatlands', 'Wetlands (inland) - Seasonal/Intermittent/Irregular Rivers/Streams/Creeks', 'Wetlands (inland) - Permanent Rivers/Streams/Creeks (includes waterfalls)', 'Artificial/Aquatic - Excavations (open)', 'Artificial/Aquatic - Irrigated Land (includes irrigation channels)', 'Artificial/Aquatic - Canals and Drainage Channels, Ditches', 'Shrubland - Temperate', 'Artificial/Terrestrial - Rural Gardens', 'Grassland - Temperate', 'Artificial/Terrestrial - Urban Areas', 'Artificial/Aquatic - Water Storage Areas (over 8ha)', 'Artificial/Aquatic - Ponds (below 8ha)', 'Wetlands (inland) - Permanent Freshwater Lakes (over 8ha)', 'Wetlands (inland) - Seasonal/Intermittent Freshwater Lakes (over 8ha)', 'Wetlands (inland) - Permanent Freshwater Marshes/Pools (under 8ha)', 'Wetlands (inland) - Seasonal/Intermittent Freshwater Marshes/Pools (under 8ha)', 'Forest - Boreal', 'Wetlands (inland) - Freshwater Springs and Oases', 'Forest - Temperate', 'Artificial/Terrestrial - Arable Land', 'Artificial/Terrestrial - Pastureland', 'Shrubland - Mediterranean-type Shrubby Vegetation', 'Artificial/Terrestrial - Plantations', 'Wetlands (inland) - Shrub Dominated Wetlands']",0.0,0.3,0.5,1
REPTILIA,Nilssonia formosa,CR,"['Biological resource use', 'Residential & commercial development', 'Biological resource use', 'Energy production & mining', 'Agriculture & aquaculture', 'Agriculture & aquaculture', 'Transportation & service corridors', 'Natural system modifications', 'Natural system modifications', 'Residential & commercial development', 'Residential & commercial development', 'Pollution', 'Pollution', 'Pollution']","['5_4_1', '1_1', '5_4_3', '3_2', '2_2_1', '2_3_2', '4_3', '7_2_2', '7_2_10', '11_4', '11_1', '9_2_2', '9_3_2', '9_3_3']",Decreasing,['Wetlands (inland) - Permanent Rivers/Streams/Creeks (includes waterfalls)'],4.0,0.5,1,1
REPTILIA,Notochelys platynota,VU,"['Biological resource use', 'Agriculture & aquaculture', 'Transportation & service corridors', 'Agriculture & aquaculture', 'Residential & commercial development', 'Residential & commercial development', 'Biological resource use']","['5_4_1', '2_1_2', '4_1', '2_2_2', '1_1', '11_2', '5_1_1']",Decreasing,"['Forest - Subtropical/Tropical Moist Lowland', 'Wetlands (inland) - Permanent Rivers/Streams/Creeks (includes waterfalls)', 'Artificial/Aquatic - Irrigated Land (includes irrigation channels)', 'Artificial/Terrestrial - Plantations', 'Wetlands (inland) - Bogs, Marshes, Swamps, Fens, Peatlands']",2.0,0,1,0.6
REPTILIA,Mauremys sinensis,CR,"['Agriculture & aquaculture', 'Biological resource use', 'Residential & commercial development', 'Residential & commercial development', 'Agriculture & aquaculture', 'Agriculture & aquaculture', 'Agriculture & aquaculture', 'Agriculture & aquaculture', 'Biological resource use', 'Agriculture & aquaculture', 'Natural system modifications', 'Invasive and other problematic species, genes & diseases', 'Pollution', 'Pollution', 'Natural system modifications', 'Pollution', 'Pollution']","['2_1_4', '5_4_1', '1_1', '1_2', '2_1_2', '2_1_3', '2_2_1', '2_3_2', '5_4_3', '2_3_3', '7_1_1', '8_3', '9_1_2', '9_1_1', '7_2_9', '9_3_1', '9_3_3']",Decreasing,"['Wetlands (inland) - Permanent Freshwater Marshes/Pools (under 8ha)', 'Wetlands (inland) - Permanent Rivers/Streams/Creeks (includes waterfalls)', 'Artificial/Aquatic - Seasonally Flooded Agricultural Land', 'Artificial/Aquatic - Irrigated Land (includes irrigation channels)', 'Forest - Subtropical/Tropical Moist Lowland']",4.0,0.5,1,0.8
REPTILIA,Ogmodon vitianus,EN,"['Biological resource use', 'Agriculture & aquaculture', 'Invasive and other problematic species, genes & diseases', 'Invasive and other problematic species, genes & diseases']","['5_3_3', '2_1_2', '8_1_2', '8_1_2']",Decreasing,"['Artificial/Terrestrial - Rural Gardens', 'Forest - Subtropical/Tropical Moist Lowland']",3.0,0,0.5,0.2
REPTILIA,Oligodon nikhili,DD,[],[],Unknown,"['Grassland - Subtropical/Tropical High Altitude', 'Forest - Subtropical/Tropical Moist Montane']",,[],[],[]
REPTILIA,Opisthotropis spenceri,DD,[],[],Unknown,['Unknown'],,[],[],[]
REPTILIA,Orlitia borneensis,CR,"['Biological resource use', 'Invasive and other problematic species, genes & diseases', 'Pollution', 'Pollution', 'Pollution', 'Pollution', 'Pollution', 'Residential & commercial development', 'Agriculture & aquaculture']","['5_4_1', '8_1_1', '9_2_2', '9_3_2', '9_3_3', '9_4', '9_1_1', '11_1', '2_1_2']",Decreasing,"['Wetlands (inland) - Permanent Freshwater Lakes (over 8ha)', 'Wetlands (inland) - Bogs, Marshes, Swamps, Fens, Peatlands', 'Wetlands (inland) - Permanent Rivers/Streams/Creeks (includes waterfalls)', 'Forest - Subtropical/Tropical Moist Lowland', 'Forest - Subtropical/Tropical Swamp']",4.0,0.3,1,0.8
REPTILIA,Anomochilus leonardi,LC,[],[],Unknown,['Forest - Subtropical/Tropical Moist Lowland'],0.0,[],[],[]
REPTILIA,Eryx jaculus,LC,"['Residential & commercial development', 'Natural system modifications', 'Pollution', 'Biological resource use', 'Energy production & mining', 'Agriculture & aquaculture', 'Agriculture & aquaculture', 'Transportation & service corridors', 'Residential & commercial development', 'Biological resource use']","['1_2', '7_1_3', '9_3_4', '5_1_3', '3_2', '2_3_1', '2_1_3', '4_1', '1_1', '5_1_1']",Decreasing,"['Shrubland - Subtropical/Tropical Dry', 'Shrubland - Temperate', 'Artificial/Terrestrial - Plantations', 'Artificial/Terrestrial - Pastureland', 'Shrubland - Mediterranean-type Shrubby Vegetation', 'Artificial/Terrestrial - Arable Land', 'Artificial/Terrestrial - Rural Gardens', 'Grassland - Temperate', 'Desert - Hot', 'Grassland - Subtropical/Tropical Dry']",0.0,0.5,1,1
REPTILIA,Chamaeleo chamaeleon,LC,"['Agriculture & aquaculture', 'Transportation & service corridors', 'Residential & commercial development', 'Natural system modifications', 'Invasive and other problematic species, genes & diseases', 'Residential & commercial development']","['2_1_3', '4_1', '1_3', '7_1_3', '8_1_1', '1_1']",Stable,"['Shrubland - Subtropical/Tropical Dry', 'Artificial/Terrestrial - Plantations', 'Shrubland - Mediterranean-type Shrubby Vegetation', 'Artificial/Terrestrial - Rural Gardens', 'Forest - Temperate']",0.0,0.5,1,0.6
REPTILIA,Laudakia stellio,LC,[],[],Stable,"['Shrubland - Subtropical/Tropical Dry', 'Artificial/Terrestrial - Plantations', 'Artificial/Terrestrial - Pastureland', 'Shrubland - Mediterranean-type Shrubby Vegetation', 'Artificial/Terrestrial - Arable Land', 'Rocky areas (eg. inland cliffs, mountain peaks)', 'Artificial/Terrestrial - Rural Gardens', 'Grassland - Subtropical/Tropical Dry']",0.0,[],[],[]
REPTILIA,Vipera berus,LC,"['Agriculture & aquaculture', 'Agriculture & aquaculture', 'Agriculture & aquaculture', 'Biological resource use', 'Biological resource use', 'Natural system modifications', 'Residential & commercial development']","['2_1_3', '2_2_2', '2_2_1', '5_1_1', '5_1_3', '7_3', '1_1']",Decreasing,"['Shrubland - Temperate', 'Wetlands (inland) - Bogs, Marshes, Swamps, Fens, Peatlands', 'Artificial/Terrestrial - Pastureland', 'Forest - Temperate', 'Rocky areas (eg. inland cliffs, mountain peaks)', 'Grassland - Temperate']",0.0,0.5,1,0.3
REPTILIA,Anguis fragilis,LC,"['Agriculture & aquaculture', 'Transportation & service corridors', 'Agriculture & aquaculture', 'Natural system modifications', 'Invasive and other problematic species, genes & diseases', 'Residential & commercial development']","['2_1_3', '4_1', '2_2_2', '7_1_3', '8_1_1', '1_1']",Stable,"['Shrubland - Temperate', 'Artificial/Terrestrial - Pastureland', 'Artificial/Terrestrial - Rural Gardens', 'Forest - Temperate', 'Grassland - Temperate']",0.0,0.5,1,0.6
REPTILIA,Phrynocephalus mystaceus,LC,"['Agriculture & aquaculture', 'Energy production & mining', 'Residential & commercial development', 'Residential & commercial development', 'Biological resource use']","['2_1_3', '3_2', '1_1', '1_3', '5_1_1']",Unknown,"['Desert - Temperate', 'Desert - Cold']",0.0,0,1,1
REPTILIA,Malpolon insignitus,LC,"['Agriculture & aquaculture', 'Biological resource use', 'Residential & commercial development', 'Transportation & service corridors', 'Biological resource use', 'Energy production & mining']","['2_1_3', '5_3_5', '1_1', '4_1', '5_1_1', '3_2']",Stable,"['Shrubland - Subtropical/Tropical Dry', 'Shrubland - Temperate', 'Artificial/Terrestrial - Plantations', 'Artificial/Terrestrial - Pastureland', 'Shrubland - Mediterranean-type Shrubby Vegetation', 'Forest - Temperate', 'Artificial/Terrestrial - Rural Gardens', 'Rocky areas (eg. inland cliffs, mountain peaks)', 'Forest - Subtropical/Tropical Dry', 'Grassland - Temperate', 'Desert - Hot', 'Grassland - Subtropical/Tropical Dry']",0.0,0,1,1
REPTILIA,Natrix tessellata,LC,"['Transportation & service corridors', 'Biological resource use', 'Biological resource use', 'Residential & commercial development', 'Pollution', 'Pollution', 'Invasive and other problematic species, genes & diseases', 'Residential & commercial development']","['4_1', '5_1_1', '5_1_3', '1_2', '9_3_4', '9_2_3', '8_1_1', '1_1']",Decreasing,"['Artificial/Aquatic - Excavations (open)', 'Artificial/Terrestrial - Plantations', 'Artificial/Aquatic - Irrigated Land (includes irrigation channels)', 'Artificial/Aquatic - Canals and Drainage Channels, Ditches', 'Wetlands (inland) - Seasonal/Intermittent Freshwater Marshes/Pools (under 8ha)', 'Artificial/Aquatic - Aquaculture Ponds', 'Artificial/Aquatic - Ponds (below 8ha)', 'Artificial/Aquatic - Water Storage Areas (over 8ha)', 'Artificial/Terrestrial - Urban Areas', 'Grassland - Temperate', 'Wetlands (inland) - Permanent Rivers/Streams/Creeks (includes waterfalls)', 'Wetlands (inland) - Seasonal/Intermittent/Irregular Rivers/Streams/Creeks', 'Marine Coastal/Supratidal - Coastal Freshwater Lakes', 'Wetlands (inland) - Bogs, Marshes, Swamps, Fens, Peatlands', 'Marine Neritic - Estuaries', 'Wetlands (inland) - Permanent Freshwater Lakes (over 8ha)', 'Wetlands (inland) - Permanent Freshwater Marshes/Pools (under 8ha)', 'Marine Coastal/Supratidal - Coastal Brackish/Saline Lagoons/Marine Lakes']",0.0,0.3,1,0.8
REPTILIA,Eremias arguta,LC,"['Agriculture & aquaculture', 'Agriculture & aquaculture', 'Agriculture & aquaculture', 'Agriculture & aquaculture', 'Residential & commercial development', 'Residential & commercial development', 'Pollution', 'Biological resource use', 'Agriculture & aquaculture', 'Residential & commercial development']","['2_1_3', '2_2_1', '2_3_3', '2_3_2', '1_2', '1_3', '9_3_4', '5_3_5', '2_1_2', '1_1']",Stable,"['Shrubland - Subtropical/Tropical Dry', 'Shrubland - Temperate', 'Artificial/Terrestrial - Plantations', 'Forest - Temperate', 'Artificial/Terrestrial - Rural Gardens', 'Grassland - Temperate', 'Desert - Temperate']",0.0,0.3,1,0.8
REPTILIA,Pseudopus apodus,LC,"['Agriculture & aquaculture', 'Agriculture & aquaculture', 'Biological resource use', 'Biological resource use']","['2_1_3', '2_3_3', '5_1_3', '5_1_1']",Stable,"['Shrubland - Subtropical/Tropical Dry', 'Shrubland - Mediterranean-type Shrubby Vegetation', 'Artificial/Terrestrial - Pastureland', 'Artificial/Terrestrial - Arable Land', 'Forest - Temperate', 'Artificial/Terrestrial - Rural Gardens', 'Grassland - Subtropical/Tropical Dry']",0.0,0,0.5,0.2
REPTILIA,Elaphe sauromates,LC,"['Agriculture & aquaculture', 'Agriculture & aquaculture', 'Residential & commercial development', 'Pollution', 'Biological resource use']","['2_1_3', '2_3_3', '1_1', '9_3_3', '5_1_3']",Unknown,"['Shrubland - Subtropical/Tropical Dry', 'Shrubland - Temperate', 'Artificial/Terrestrial - Plantations', 'Shrubland - Mediterranean-type Shrubby Vegetation', 'Artificial/Terrestrial - Pastureland', 'Artificial/Terrestrial - Rural Gardens', 'Rocky areas (eg. inland cliffs, mountain peaks)', 'Grassland - Temperate', 'Desert - Temperate', 'Desert - Hot']",0.0,0.3,1,0.8
REPTILIA,Dolichophis caspius,LC,"['Transportation & service corridors', 'Biological resource use']","['4_1', '5_1_3']",Unknown,"['Shrubland - Subtropical/Tropical Dry', 'Artificial/Terrestrial - Plantations', 'Artificial/Terrestrial - Pastureland', 'Shrubland - Mediterranean-type Shrubby Vegetation', 'Rocky areas (eg. inland cliffs, mountain peaks)', 'Artificial/Terrestrial - Rural Gardens', 'Forest - Temperate', 'Grassland - Temperate']",0.0,0,0.5,0.6
REPTILIA,Vipera renardi,NT,"['Agriculture & aquaculture', 'Residential & commercial development', 'Agriculture & aquaculture', 'Agriculture & aquaculture', 'Agriculture & aquaculture']","['2_1_3', '11_1', '2_3_3', '2_3_2', '2_1_2']",Decreasing,"['Shrubland - Temperate', 'Grassland - Subtropical/Tropical High Altitude', 'Artificial/Terrestrial - Pastureland', 'Rocky areas (eg. inland cliffs, mountain peaks)', 'Grassland - Temperate']",1.0,0,1,0.3
REPTILIA,Eryx miliaris,LC,"['Agriculture & aquaculture', 'Agriculture & aquaculture', 'Energy production & mining', 'Agriculture & aquaculture', 'Residential & commercial development', 'Pollution', 'Pollution', 'Residential & commercial development']","['2_1_3', '2_3_1', '3_2', '2_3_3', '1_2', '9_3_4', '9_2_3', '1_1']",Decreasing,"['Shrubland - Subtropical/Tropical Dry', 'Artificial/Terrestrial - Plantations', 'Artificial/Terrestrial - Rural Gardens', 'Desert - Temperate', 'Desert - Hot']",0.0,0.3,1,1
REPTILIA,Hemorrhois nummifer,LC,"['Agriculture & aquaculture', 'Biological resource use', 'Biological resource use']","['2_3_1', '5_1_3', '5_1_1']",Unknown,"['Artificial/Terrestrial - Plantations', 'Shrubland - Mediterranean-type Shrubby Vegetation', 'Artificial/Terrestrial - Pastureland', 'Artificial/Terrestrial - Arable Land', 'Rocky areas (eg. inland cliffs, mountain peaks)', 'Forest - Temperate', 'Artificial/Terrestrial - Rural Gardens', 'Artificial/Terrestrial - Urban Areas']",0.0,0,0.5,0.2
REPTILIA,Chamaeleo africanus,LC,"['Transportation & service corridors', 'Residential & commercial development']","['4_1', '1_3']",Stable,"['Shrubland - Mediterranean-type Shrubby Vegetation', 'Artificial/Terrestrial - Arable Land', 'Marine Intertidal - Salt Marshes (Emergent Grasses)', 'Artificial/Terrestrial - Rural Gardens', 'Savanna - Dry', 'Wetlands (inland) - Freshwater Springs and Oases']",0.0,0,1,0.6
REPTILIA,Xerotyphlops vermicularis,LC,['Agriculture & aquaculture'],['2_1_3'],Stable,"['Shrubland - Temperate', 'Artificial/Terrestrial - Plantations', 'Artificial/Terrestrial - Pastureland', 'Shrubland - Mediterranean-type Shrubby Vegetation', 'Artificial/Terrestrial - Arable Land', 'Artificial/Terrestrial - Rural Gardens', 'Forest - Temperate', 'Grassland - Temperate', 'Artificial/Terrestrial - Urban Areas', 'Grassland - Subtropical/Tropical Dry']",0.0,0,0,0.2
REPTILIA,Elaphe dione,LC,[],[],Stable,"['Wetlands (inland) - Permanent Freshwater Marshes/Pools (under 8ha)', 'Shrubland - Subtropical/Tropical Dry', 'Shrubland - Temperate', 'Artificial/Terrestrial - Rural Gardens', 'Rocky areas (eg. inland cliffs, mountain peaks)', 'Forest - Temperate', 'Grassland - Temperate', 'Desert - Temperate']",0.0,[],[],[]
REPTILIA,Phrynocephalus guttatus,LC,['Agriculture & aquaculture'],['2_1_3'],Decreasing,"['Desert - Temperate', 'Desert - Hot']",0.0,0,0,0.2
REPTILIA,Ophisops elegans,LC,"['Agriculture & aquaculture', 'Energy production & mining', 'Pollution', 'Biological resource use']","['2_3_1', '3_2', '9_3_4', '5_3_5']",Stable,"['Shrubland - Temperate', 'Shrubland - Mediterranean-type Shrubby Vegetation', 'Artificial/Terrestrial - Arable Land', 'Forest - Temperate', 'Grassland - Temperate']",0.0,0.3,0.5,1
REPTILIA,Gloydius halys,LC,"['Agriculture & aquaculture', 'Agriculture & aquaculture']","['2_1_3', '2_3_3']",Unknown,"['Shrubland - Subtropical/Tropical Dry', 'Shrubland - Temperate', 'Artificial/Terrestrial - Pastureland', 'Artificial/Terrestrial - Arable Land', 'Rocky areas (eg. inland cliffs, mountain peaks)', 'Forest - Temperate', 'Grassland - Temperate', 'Desert - Temperate', 'Desert - Hot', 'Forest - Boreal', 'Grassland - Subtropical/Tropical Dry', 'Forest - Subarctic']",0.0,0,0,0.2
REPTILIA,Chalcides ocellatus,LC,[],[],Stable,"['Artificial/Terrestrial - Plantations', 'Savanna - Moist', 'Savanna - Dry', 'Grassland - Temperate', 'Artificial/Terrestrial - Urban Areas', 'Artificial/Terrestrial - Rural Gardens', 'Shrubland - Temperate', 'Shrubland - Subtropical/Tropical Dry', 'Grassland - Subtropical/Tropical Dry', 'Wetlands (inland) - Freshwater Springs and Oases', 'Caves and Subterranean Habitats (non-aquatic) - Caves', 'Artificial/Terrestrial - Arable Land', 'Artificial/Terrestrial - Pastureland', 'Shrubland - Mediterranean-type Shrubby Vegetation', 'Rocky areas (eg. inland cliffs, mountain peaks)']",0.0,[],[],[]
REPTILIA,Coronella austriaca,LC,"['Agriculture & aquaculture', 'Residential & commercial development', 'Invasive and other problematic species, genes & diseases', 'Biological resource use', 'Residential & commercial development', 'Natural system modifications']","['2_1_3', '11_1', '8_2', '5_1_3', '1_1', '7_1_1']",Decreasing,"['Shrubland - Temperate', 'Shrubland - Mediterranean-type Shrubby Vegetation', 'Artificial/Terrestrial - Pastureland', 'Rocky areas (eg. inland cliffs, mountain peaks)', 'Forest - Temperate', 'Grassland - Temperate']",0.0,0.5,1,0.3
REPTILIA,Hemorrhois ravergieri,LC,"['Agriculture & aquaculture', 'Biological resource use']","['2_3_1', '5_1_3']",Stable,"['Rocky areas (eg. inland cliffs, mountain peaks)', 'Desert - Temperate', 'Forest - Subtropical/Tropical Dry']",0.0,0,0.5,0.2
REPTILIA,Eremias velox,LC,"['Agriculture & aquaculture', 'Agriculture & aquaculture', 'Natural system modifications']","['2_1_3', '2_3_3', '7_3']",Stable,"['Shrubland - Subtropical/Tropical Dry', 'Rocky areas (eg. inland cliffs, mountain peaks)', 'Desert - Temperate', 'Desert - Hot', 'Grassland - Subtropical/Tropical Dry', 'Artificial/Terrestrial - Arable Land']",0.0,0.5,0.5,0.2
REPTILIA,Eumeces schneiderii,LC,"['Agriculture & aquaculture', 'Agriculture & aquaculture', 'Energy production & mining', 'Residential & commercial development', 'Biological resource use']","['2_1_3', '2_3_1', '3_2', '1_1', '5_1_1']",Stable,"['Shrubland - Subtropical/Tropical Dry', 'Shrubland - Temperate', 'Artificial/Terrestrial - Pastureland', 'Shrubland - Mediterranean-type Shrubby Vegetation', 'Artificial/Terrestrial - Arable Land', 'Rocky areas (eg. inland cliffs, mountain peaks)', 'Artificial/Terrestrial - Rural Gardens', 'Artificial/Terrestrial - Urban Areas', 'Wetlands (inland) - Freshwater Springs and Oases', 'Grassland - Subtropical/Tropical Dry', 'Artificial/Terrestrial - Subtropical/Tropical Heavily Degraded Former Forest', 'Forest - Subtropical/Tropical Moist Lowland']",0.0,0,1,1
REPTILIA,Dolichophis jugularis,LC,"['Agriculture & aquaculture', 'Energy production & mining', 'Biological resource use']","['2_3_1', '3_2', '5_1_3']",Stable,"['Shrubland - Temperate', 'Wetlands (inland) - Bogs, Marshes, Swamps, Fens, Peatlands', 'Artificial/Terrestrial - Plantations', 'Artificial/Terrestrial - Pastureland', 'Shrubland - Mediterranean-type Shrubby Vegetation', 'Artificial/Terrestrial - Arable Land', 'Forest - Temperate', 'Artificial/Terrestrial - Rural Gardens', 'Grassland - Temperate']",0.0,0,0.5,1
REPTILIA,Macrovipera lebetinus,LC,"['Agriculture & aquaculture', 'Biological resource use', 'Energy production & mining', 'Biological resource use', 'Agriculture & aquaculture']","['2_1_3', '5_1_3', '3_2', '5_1_1', '2_3_1']",Decreasing,"['Desert - Temperate', 'Artificial/Terrestrial - Urban Areas', 'Artificial/Terrestrial - Rural Gardens', 'Shrubland - Temperate', 'Shrubland - Subtropical/Tropical Dry', 'Grassland - Subtropical/Tropical Dry', 'Rocky areas (eg. inland cliffs, mountain peaks)', 'Forest - Temperate', 'Artificial/Terrestrial - Arable Land', 'Artificial/Terrestrial - Pastureland', 'Shrubland - Mediterranean-type Shrubby Vegetation', 'Artificial/Terrestrial - Plantations', 'Artificial/Aquatic - Irrigated Land (includes irrigation channels)', 'Desert - Cold', 'Forest - Subarctic']",0.0,0,0.5,1
REPTILIA,Emys trinacris,DD,"['Biological resource use', 'Residential & commercial development', 'Pollution', 'Agriculture & aquaculture', 'Biological resource use', 'Residential & commercial development', 'Invasive and other problematic species, genes & diseases', 'Invasive and other problematic species, genes & diseases', 'Invasive and other problematic species, genes & diseases', 'Invasive and other problematic species, genes & diseases']","['5_1_1', '1_2', '9_1_3', '2_1_4', '5_4_3', '1_3', '8_4_1', '8_1_2', '8_1_2', '8_5_2']",Decreasing,"['Artificial/Aquatic - Aquaculture Ponds', 'Artificial/Aquatic - Ponds (below 8ha)', 'Artificial/Aquatic - Water Storage Areas (over 8ha)', 'Wetlands (inland) - Permanent Rivers/Streams/Creeks (includes waterfalls)', 'Wetlands (inland) - Seasonal/Intermittent/Irregular Rivers/Streams/Creeks', 'Marine Coastal/Supratidal - Coastal Freshwater Lakes', 'Wetlands (inland) - Bogs, Marshes, Swamps, Fens, Peatlands', 'Wetlands (inland) - Permanent Freshwater Lakes (over 8ha)', 'Wetlands (inland) - Seasonal/Intermittent Freshwater Lakes (over 8ha)', 'Wetlands (inland) - Permanent Freshwater Marshes/Pools (under 8ha)', 'Marine Coastal/Supratidal - Coastal Brackish/Saline Lagoons/Marine Lakes', 'Wetlands (inland) - Seasonal/Intermittent Freshwater Marshes/Pools (under 8ha)']",,0.3,1,0.8
REPTILIA,Palea steindachneri,CR,"['Biological resource use', 'Energy production & mining', 'Biological resource use', 'Biological resource use', 'Natural system modifications', 'Natural system modifications', 'Agriculture & aquaculture', 'Agriculture & aquaculture', 'Agriculture & aquaculture']","['5_4_1', '3_3', '5_3_3', '5_4_3', '7_2_9', '7_2_10', '2_1_2', '2_1_3', '2_1_1']",Decreasing,"['Wetlands (inland) - Permanent Rivers/Streams/Creeks (includes waterfalls)', 'Wetlands (inland) - Permanent Freshwater Lakes (over 8ha)', 'Forest - Subtropical/Tropical Moist Lowland']",4.0,0.5,0.5,1
REPTILIA,Cuora mouhotii,EN,"['Natural system modifications', 'Biological resource use', 'Agriculture & aquaculture', 'Agriculture & aquaculture', 'Agriculture & aquaculture', 'Agriculture & aquaculture', 'Agriculture & aquaculture', 'Energy production & mining', 'Biological resource use', 'Natural system modifications', 'Agriculture & aquaculture', 'Biological resource use']","['7_2_11', '5_1_1', '2_1_3', '2_2_1', '2_2_2', '2_3_2', '2_3_3', '3_2', '5_1_2', '7_2_9', '2_1_2', '5_3_3']",Decreasing,"['Wetlands (inland) - Bogs, Marshes, Swamps, Fens, Peatlands', 'Forest - Subtropical/Tropical Moist Lowland', 'Forest - Subtropical/Tropical Moist Montane']",3.0,0.5,0.5,1
REPTILIA,Cyclemys oldhamii,EN,"['Agriculture & aquaculture', 'Natural system modifications', 'Agriculture & aquaculture', 'Energy production & mining', 'Agriculture & aquaculture', 'Agriculture & aquaculture', 'Agriculture & aquaculture', 'Biological resource use', 'Biological resource use', 'Biological resource use', 'Energy production & mining', 'Biological resource use', 'Biological resource use', 'Natural system modifications', 'Natural system modifications', 'Biological resource use']","['2_1_1', '7_2_11', '2_1_4', '3_2', '2_2_2', '2_1_2', '2_1_3', '5_3_3', '5_2_2', '5_1_2', '3_3', '5_1_1', '5_4_3', '7_2_10', '7_2_9', '5_3_4']",Decreasing,"['Wetlands (inland) - Seasonal/Intermittent/Irregular Rivers/Streams/Creeks', 'Wetlands (inland) - Permanent Rivers/Streams/Creeks (includes waterfalls)', 'Forest - Subtropical/Tropical Moist Lowland']",3.0,0.5,0.5,1
REPTILIA,Centrochelys sulcata,EN,"['Agriculture & aquaculture', 'Agriculture & aquaculture', 'Residential & commercial development', 'Agriculture & aquaculture', 'Agriculture & aquaculture', 'Agriculture & aquaculture', 'Biological resource use', 'Natural system modifications', 'Agriculture & aquaculture']","['2_1_1', '2_1_2', '11_1', '2_3_1', '2_3_2', '2_3_3', '5_1_1', '7_1_1', '2_1_3']",Decreasing,"['Shrubland - Subtropical/Tropical Dry', 'Grassland - Subtropical/Tropical Dry']",3.0,0.5,1,0.3
REPTILIA,Pelusios niger,NT,"['Residential & commercial development', 'Energy production & mining', 'Pollution', 'Biological resource use']","['1_2', '3_1', '9_2_1', '5_4_1']",Decreasing,"['Wetlands (inland) - Permanent Rivers/Streams/Creeks (includes waterfalls)', 'Wetlands (inland) - Bogs, Marshes, Swamps, Fens, Peatlands', 'Wetlands (inland) - Permanent Freshwater Lakes (over 8ha)', 'Wetlands (inland) - Permanent Freshwater Marshes/Pools (under 8ha)']",1.0,0.3,1,1
REPTILIA,Cuora bourreti,CR,"['Agriculture & aquaculture', 'Biological resource use']","['2_1_2', '5_1_1']",Decreasing,"['Forest - Subtropical/Tropical Dry', 'Forest - Subtropical/Tropical Moist Montane', 'Forest - Subtropical/Tropical Moist Lowland']",4.0,0,0.5,0.2
REPTILIA,Cycloderma aubryi,VU,"['Biological resource use', 'Biological resource use']","['5_4_1', '5_4_2']",Decreasing,"['Forest - Subtropical/Tropical Swamp', 'Wetlands (inland) - Shrub Dominated Wetlands', 'Wetlands (inland) - Permanent Rivers/Streams/Creeks (includes waterfalls)', 'Wetlands (inland) - Permanent Freshwater Marshes/Pools (under 8ha)', 'Wetlands (inland) - Permanent Freshwater Lakes (over 8ha)', 'Wetlands (inland) - Bogs, Marshes, Swamps, Fens, Peatlands', 'Wetlands (inland) - Seasonal/Intermittent/Irregular Rivers/Streams/Creeks', 'Marine Coastal/Supratidal - Coastal Brackish/Saline Lagoons/Marine Lakes', 'Marine Coastal/Supratidal - Coastal Freshwater Lakes']",2.0,0,0.5,0
REPTILIA,Stigmochelys pardalis,LC,"['Agriculture & aquaculture', 'Natural system modifications', 'Biological resource use']","['2_3_4', '7_1_1', '5_1_1']",Unknown,"['Shrubland - Subtropical/Tropical Moist', 'Savanna - Dry', 'Shrubland - Mediterranean-type Shrubby Vegetation', 'Shrubland - Subtropical/Tropical Dry', 'Shrubland - Subtropical/Tropical High Altitude']",0.0,0.5,0.5,0.2
REPTILIA,Batagur borneoensis,CR,"['Biological resource use', 'Energy production & mining', 'Biological resource use', 'Invasive and other problematic species, genes & diseases', 'Agriculture & aquaculture', 'Pollution', 'Residential & commercial development']","['5_4_1', '3_2', '5_4_3', '8_2', '2_1_2', '9_4', '11_1']",Decreasing,"['Marine Intertidal - Mangrove Submerged Roots', 'Marine Neritic - Estuaries', 'Marine Coastal/Supratidal - Coastal Sand Dunes', 'Forest - Subtropical/Tropical Mangrove Vegetation Above High Tide Level']",4.0,0.3,1,1
REPTILIA,Cuora picturata,CR,"['Agriculture & aquaculture', 'Agriculture & aquaculture', 'Biological resource use']","['2_1_2', '2_1_1', '5_1_1']",Decreasing,['Forest - Subtropical/Tropical Moist Montane'],4.0,0,0.5,0.2
REPTILIA,Pseudocerastes fieldi,LC,[],[],Stable,"['Shrubland - Subtropical/Tropical Dry', 'Wetlands (inland) - Seasonal/Intermittent/Irregular Rivers/Streams/Creeks', 'Desert - Hot']",0.0,[],[],[]
REPTILIA,Malpolon moilensis,LC,['Biological resource use'],['5_1_1'],Stable,"['Shrubland - Subtropical/Tropical Dry', 'Artificial/Terrestrial - Rural Gardens', 'Desert - Hot', 'Grassland - Subtropical/Tropical Dry', 'Artificial/Terrestrial - Arable Land']",0.0,0,0.5,0
REPTILIA,Trapelus ruderatus,LC,[],[],Stable,"['Shrubland - Subtropical/Tropical Dry', 'Desert - Hot']",0.0,[],[],[]
REPTILIA,Phrynocephalus interscapularis,LC,['Agriculture & aquaculture'],['2_1_4'],Stable,['Desert - Temperate'],0.0,0,0,0.2
REPTILIA,Varanus bengalensis,NT,"['Biological resource use', 'Biological resource use']","['5_1_1', '5_1_3']",Decreasing,"['Shrubland - Subtropical/Tropical Dry', 'Artificial/Terrestrial - Plantations', 'Shrubland - Subtropical/Tropical Moist', 'Artificial/Terrestrial - Arable Land', 'Wetlands (inland) - Seasonal/Intermittent/Irregular Rivers/Streams/Creeks', 'Wetlands (inland) - Permanent Rivers/Streams/Creeks (includes waterfalls)', 'Forest - Subtropical/Tropical Moist Lowland', 'Desert - Hot']",1.0,0,0.5,0
REPTILIA,Teratoscincus scincus,LC,"['Residential & commercial development', 'Residential & commercial development', 'Biological resource use']","['1_1', '1_3', '5_1_1']",Stable,"['Shrubland - Subtropical/Tropical Dry', 'Forest - Subtropical/Tropical Dry', 'Desert - Hot', 'Grassland - Subtropical/Tropical Dry', 'Rocky areas (eg. inland cliffs, mountain peaks)']",0.0,0,1,0.3
REPTILIA,Saara asmussi,LC,['Residential & commercial development'],['11_2'],Unknown,"['Desert - Temperate', 'Desert - Hot']",0.0,0,1,0.3
REPTILIA,Stenodactylus slevini,LC,[],[],Stable,['Desert - Hot'],0.0,[],[],[]
REPTILIA,Phrynocephalus scutellatus,LC,[],[],Stable,"['Shrubland - Subtropical/Tropical Dry', 'Desert - Hot', 'Grassland - Subtropical/Tropical Dry']",0.0,[],[],[]
REPTILIA,Trapelus megalonyx,LC,[],[],Stable,"['Grassland - Subtropical/Tropical Dry', 'Desert - Temperate', 'Artificial/Terrestrial - Subtropical/Tropical Heavily Degraded Former Forest', 'Shrubland - Subtropical/Tropical Dry', 'Desert - Hot']",0.0,[],[],[]
REPTILIA,Acanthodactylus grandis,LC,[],[],Stable,"['Shrubland - Subtropical/Tropical Dry', 'Desert - Hot']",0.0,[],[],[]
REPTILIA,Spalerosophis diadema,LC,[],[],Stable,"['Shrubland - Subtropical/Tropical Dry', 'Shrubland - Mediterranean-type Shrubby Vegetation', 'Artificial/Terrestrial - Pastureland', 'Artificial/Terrestrial - Arable Land', 'Wetlands (inland) - Freshwater Springs and Oases', 'Desert - Hot', 'Artificial/Terrestrial - Rural Gardens', 'Forest - Temperate', 'Desert - Temperate']",0.0,[],[],[]
REPTILIA,Hemidactylus persicus,LC,[],[],Increasing,"['Shrubland - Subtropical/Tropical Dry', 'Artificial/Terrestrial - Rural Gardens', 'Rocky areas (eg. inland cliffs, mountain peaks)', 'Forest - Subtropical/Tropical Dry', 'Desert - Hot', 'Wetlands (inland) - Freshwater Springs and Oases']",0.0,[],[],[]
REPTILIA,Acanthodactylus blanfordii,LC,"['Residential & commercial development', 'Residential & commercial development']","['1_1', '1_3']",Stable,"['Marine Intertidal - Sandy Shoreline and/or Beaches, Sand Bars, Spits, Etc', 'Desert - Hot', 'Wetlands (inland) - Seasonal/Intermittent/Irregular Rivers/Streams/Creeks', 'Artificial/Terrestrial - Subtropical/Tropical Heavily Degraded Former Forest']",0.0,0,1,0.3
REPTILIA,Alsophylax laevis,CR,['Agriculture & aquaculture'],['2_1_3'],Decreasing,"['Desert - Hot', 'Desert - Temperate']",4.0,0,0,0.2
REPTILIA,Cerastes gasperettii,LC,['Biological resource use'],['5_1_1'],Stable,"['Shrubland - Subtropical/Tropical Dry', 'Desert - Hot']",0.0,0,0.5,0
REPTILIA,Trapelus agilis,LC,[],[],Stable,"['Shrubland - Subtropical/Tropical Dry', 'Artificial/Terrestrial - Arable Land', 'Grassland - Subtropical/Tropical Dry', 'Desert - Temperate', 'Desert - Hot']",0.0,[],[],[]
REPTILIA,Platyceps rhodorachis,LC,[],[],Stable,"['Shrubland - Subtropical/Tropical Dry', 'Artificial/Terrestrial - Pastureland', 'Shrubland - Mediterranean-type Shrubby Vegetation', 'Wetlands (inland) - Seasonal/Intermittent/Irregular Rivers/Streams/Creeks', 'Artificial/Terrestrial - Arable Land', 'Rocky areas (eg. inland cliffs, mountain peaks)', 'Artificial/Terrestrial - Rural Gardens', 'Desert - Hot', 'Desert - Temperate', 'Wetlands (inland) - Permanent Rivers/Streams/Creeks (includes waterfalls)']",0.0,[],[],[]
REPTILIA,Acanthodactylus boskianus,LC,"['Agriculture & aquaculture', 'Energy production & mining', 'Natural system modifications', 'Residential & commercial development', 'Human intrusions & disturbance']","['2_3_1', '3_2', '7_2_11', '1_1', '6_1']",Stable,"['Shrubland - Subtropical/Tropical Dry', 'Shrubland - Mediterranean-type Shrubby Vegetation', 'Artificial/Terrestrial - Arable Land', 'Artificial/Terrestrial - Rural Gardens', 'Artificial/Terrestrial - Urban Areas', 'Desert - Hot']",0.0,0.5,1,1
REPTILIA,Paralaudakia caucasia,LC,['Energy production & mining'],['3_2'],Stable,"['Shrubland - Subtropical/Tropical Dry', 'Shrubland - Temperate', 'Forest - Temperate', 'Rocky areas (eg. inland cliffs, mountain peaks)', 'Artificial/Terrestrial - Rural Gardens', 'Forest - Subtropical/Tropical Dry', 'Desert - Hot']",0.0,0,0,1
REPTILIA,Platyceps karelini,LC,['Agriculture & aquaculture'],['2_1_4'],Unknown,"['Artificial/Terrestrial - Pastureland', 'Rocky areas (eg. inland cliffs, mountain peaks)', 'Desert - Hot', 'Grassland - Subtropical/Tropical Dry', 'Shrubland - Subtropical/Tropical Dry', 'Desert - Temperate']",0.0,0,0,0.2
REPTILIA,Tenuidactylus fedtschenkoi,LC,[],[],Stable,"['Artificial/Terrestrial - Rural Gardens', 'Rocky areas (eg. inland cliffs, mountain peaks)', 'Artificial/Terrestrial - Urban Areas']",0.0,[],[],[]
REPTILIA,Psammophis lineolatus,LC,"['Agriculture & aquaculture', 'Agriculture & aquaculture']","['2_1_3', '2_3_3']",Unknown,"['Shrubland - Subtropical/Tropical Dry', 'Shrubland - Temperate', 'Artificial/Terrestrial - Pastureland', 'Desert - Temperate', 'Desert - Hot', 'Wetlands (inland) - Permanent Rivers/Streams/Creeks (includes waterfalls)', 'Rocky areas (eg. inland cliffs, mountain peaks)']",0.0,0,0,0.2
REPTILIA,Teratoscincus keyserlingii,LC,"['Agriculture & aquaculture', 'Residential & commercial development', 'Biological resource use']","['2_3_3', '1_1', '5_1_1']",Stable,['Desert - Hot'],0.0,0,1,0.3
REPTILIA,Eremias persica,LC,['Agriculture & aquaculture'],['2_1_4'],Stable,"['Artificial/Terrestrial - Pastureland', 'Artificial/Terrestrial - Arable Land', 'Artificial/Terrestrial - Rural Gardens', 'Desert - Hot', 'Grassland - Subtropical/Tropical Dry', 'Rocky areas (eg. inland cliffs, mountain peaks)']",0.0,0,0,0.2
REPTILIA,Scincus scincus,LC,[],[],Stable,['Desert - Hot'],0.0,[],[],[]
REPTILIA,Eremias scripta,LC,"['Agriculture & aquaculture', 'Agriculture & aquaculture']","['2_1_4', '2_3_4']",Stable,"['Shrubland - Subtropical/Tropical Dry', 'Desert - Hot', 'Grassland - Subtropical/Tropical Dry', 'Desert - Temperate', 'Shrubland - Temperate', 'Grassland - Temperate']",0.0,0,0,0.2
REPTILIA,Microgecko persicus,LC,[],[],Unknown,"['Shrubland - Subtropical/Tropical Dry', 'Shrubland - Temperate', 'Rocky areas (eg. inland cliffs, mountain peaks)', 'Desert - Temperate']",0.0,[],[],[]
REPTILIA,Heremites septemtaeniatus,LC,[],[],Stable,"['Shrubland - Temperate', 'Wetlands (inland) - Permanent Rivers/Streams/Creeks (includes waterfalls)', 'Grassland - Temperate', 'Artificial/Aquatic - Canals and Drainage Channels, Ditches']",0.0,[],[],[]
REPTILIA,Rhynchocalamus melanocephalus,LC,"['Agriculture & aquaculture', 'Energy production & mining', 'Agriculture & aquaculture', 'Residential & commercial development', 'Biological resource use', 'Residential & commercial development']","['2_1_3', '3_2', '2_3_1', '1_2', '5_3_5', '1_1']",Decreasing,"['Shrubland - Subtropical/Tropical Dry', 'Shrubland - Mediterranean-type Shrubby Vegetation', 'Artificial/Terrestrial - Pastureland', 'Artificial/Terrestrial - Rural Gardens', 'Rocky areas (eg. inland cliffs, mountain peaks)']",0.0,0,1,1
REPTILIA,Pseudocerastes persicus,LC,"['Biological resource use', 'Energy production & mining']","['5_1_1', '3_2']",Decreasing,"['Shrubland - Subtropical/Tropical Dry', 'Rocky areas (eg. inland cliffs, mountain peaks)', 'Desert - Hot']",0.0,0,0.5,1
