CountryOccurrence.CountryOccurrenceSubfield.CountryOccurrenceLookup,CountryOccurrence.CountryOccurrenceSubfield.CountryOccurrenceName,CountryOccurrence.CountryOccurrenceSubfield.formerlyBred,CountryOccurrence.CountryOccurrenceSubfield.origin,CountryOccurrence.CountryOccurrenceSubfield.presence,CountryOccurrence.CountryOccurrenceSubfield.seasonality,assessment_id,internal_taxon_id,internal_taxon_name
AT,,,Native,Extant,Resident,207983513,88416883,Pelophylax lessonae
BE,,,Native,Extant,Resident,207983513,88416883,Pelophylax lessonae
BY,,,Native,Extant,Resident,207983513,88416883,Pelophylax lessonae
SK,,,Native,Extant,Resident,207983513,88416883,Pelophylax lessonae
DE,,,Native,Extant,Resident,207983513,88416883,Pelophylax lessonae
NO,,,Native,Extant,Resident,207983513,88416883,Pelophylax lessonae
EE,,,Native,Extant,Resident,207983513,88416883,Pelophylax lessonae
CH,,,Native,Extant,Resident,207983513,88416883,Pelophylax lessonae
HU,,,Native,Extant,Resident,207983513,88416883,Pelophylax lessonae
LT,,,Native,Extant,Resident,207983513,88416883,Pelophylax lessonae
IT,,,Native,Extant,Resident,207983513,88416883,Pelophylax lessonae
BA,,,Native,Extant,Resident,207983513,88416883,Pelophylax lessonae
PL,,,Native,Extant,Resident,207983513,88416883,Pelophylax lessonae
RO,,,Native,Extant,Resident,207983513,88416883,Pelophylax lessonae
HR,,,Native,Extant,Resident,207983513,88416883,Pelophylax lessonae
LU,,,Native,Extant,Resident,207983513,88416883,Pelophylax lessonae
MD,,,Native,Extant,Resident,207983513,88416883,Pelophylax lessonae
RU-EU,,,Native,Extant,Resident,207983513,88416883,Pelophylax lessonae
NL,,,Native,Extant,Resident,207983513,88416883,Pelophylax lessonae
ES,,,Introduced,Extant,Resident,207983513,88416883,Pelophylax lessonae
LV,,,Native,Extant,Resident,207983513,88416883,Pelophylax lessonae
SI,,,Native,Extant,Resident,207983513,88416883,Pelophylax lessonae
RS,,,Native,Extant,Resident,207983513,88416883,Pelophylax lessonae
UA,,,Native,Extant,Resident,207983513,88416883,Pelophylax lessonae
FR,,,Native,Extant,Resident,207983513,88416883,Pelophylax lessonae
CZ,,,Native,Extant,Resident,207983513,88416883,Pelophylax lessonae
GRB-OO,,,Reintroduced,Extant,Resident,207983513,88416883,Pelophylax lessonae
LI,,,Native,Extant,Resident,207983513,88416883,Pelophylax lessonae
DK,,,Native,Extant,Resident,207983513,88416883,Pelophylax lessonae
FI,,,Native,Extant,Resident,207983513,88416883,Pelophylax lessonae
SE,,,Native,Extant,Resident,207983513,88416883,Pelophylax lessonae
BG,,,Native,Extant,Resident,207983513,88416883,Pelophylax lessonae
GB,,,Reintroduced,Extant,Resident,207983513,88416883,Pelophylax lessonae
RU,,,Native,Extant,Resident,207983513,88416883,Pelophylax lessonae
COR-OO,,,Native,Extant,Resident,207983513,88416883,Pelophylax lessonae
SAR-OO,,,Native,Extant,Resident,207983513,88416883,Pelophylax lessonae
SIC-SI,,,Native,Extant,Resident,207983513,88416883,Pelophylax lessonae
RUE-OO,,,Native,Extant,Resident,207983513,88416883,Pelophylax lessonae
RUW-OO,,,Native,Extant,Resident,207983513,88416883,Pelophylax lessonae
RUS-OO,,,Native,Extant,Resident,207983513,88416883,Pelophylax lessonae
FRA-FR,,,Native,Extant,Resident,207983513,88416883,Pelophylax lessonae
ITA-IT,,,Native,Extant,Resident,207983513,88416883,Pelophylax lessonae
RUC-OO,,,Native,Extant,Resident,207983513,88416883,Pelophylax lessonae
UKR-UK,,,Native,Extant,Resident,207983513,88416883,Pelophylax lessonae
SPA-SP,,,Introduced,Extant,Resident,207983513,88416883,Pelophylax lessonae
ES,,,Native,Extant,Resident,207984263,173115779,Discoglossus galganoi
POR-OO,,,Native,Extant,Resident,207984263,173115779,Discoglossus galganoi
PT,,,Native,Extant,Resident,207984263,173115779,Discoglossus galganoi
SPA-SP,,,Native,Extant,Resident,207984263,173115779,Discoglossus galganoi
PT,,,Native,Extant,Resident,227223836,114139495,Pelodytes atlanticus
POR-OO,,,Native,Extant,Resident,227223836,114139495,Pelodytes atlanticus
FRA-FR,,,Native,Extant,Resident,227226945,58692,Pelophylax perezi
FR,,,Native,Extant,Resident,227226945,58692,Pelophylax perezi
PT,,,Native,Extant,Resident,227226945,58692,Pelophylax perezi
AZO-OO,,,Introduced,Extant,Resident,227226945,58692,Pelophylax perezi
MDR-OO,,,Introduced,Extant,Resident,227226945,58692,Pelophylax perezi
POR-OO,,,Native,Extant,Resident,227226945,58692,Pelophylax perezi
ES,,,Native,Extant,Resident,227226945,58692,Pelophylax perezi
BAL-OO,,,Introduced,Extant,Resident,227226945,58692,Pelophylax perezi
CNY-OO,,,Introduced,Extant,Resident,227226945,58692,Pelophylax perezi
GRB-OO,,,Introduced,Extant,Resident,227226945,58692,Pelophylax perezi
SPA-SP,,,Native,Extant,Resident,227226945,58692,Pelophylax perezi
GB,,,Introduced,Extant,Resident,227226945,58692,Pelophylax perezi
BA,,,Native,Extant,Resident,227229041,18377,Proteus anguinus
HR,,,Native,Extant,Resident,227229041,18377,Proteus anguinus
IT,,,Introduced,Extant,Resident,227229041,18377,Proteus anguinus
ITA-IT,,,Introduced,Extant,Resident,227229041,18377,Proteus anguinus
ME,,,Native,Presence Uncertain,Resident,227229041,18377,Proteus anguinus
SI,,,Native,Extant,Resident,227229041,18377,Proteus anguinus
PT,,,Native,Extant,Resident,227229860,58622,Rana iberica
POR-OO,,,Native,Extant,Resident,227229860,58622,Rana iberica
ES,,,Native,Extant,Resident,227229860,58622,Rana iberica
SPA-SP,,,Native,Extant,Resident,227229860,58622,Rana iberica
HR,,,Native,Extant,Resident,227232074,19156,Rana latastei
IT,,,Native,Extant,Resident,227232074,19156,Rana latastei
ITA-IT,,,Native,Extant,Resident,227232074,19156,Rana latastei
SI,,,Native,Extant,Resident,227232074,19156,Rana latastei
CH,,,Native,Extant,Resident,227232074,19156,Rana latastei
ES,,,Native,Extant,Resident,227232549,173103952,Rana parvipalmata
SPA-SP,,,Native,Extant,Resident,227232549,173103952,Rana parvipalmata
FR,,,Native,Extant,Resident,227233345,19183,Rana pyrenaica
FRA-FR,,,Native,Extant,Resident,227233345,19183,Rana pyrenaica
ES,,,Native,Extant,Resident,227233345,19183,Rana pyrenaica
SPA-SP,,,Native,Extant,Resident,227233345,19183,Rana pyrenaica
AL,,,Native,Extant,Resident,227233771,19843,Salamandra atra
AT,,,Native,Extant,Resident,227233771,19843,Salamandra atra
BA,,,Native,Extant,Resident,227233771,19843,Salamandra atra
HR,,,Native,Extant,Resident,227233771,19843,Salamandra atra
FR,,,Native,Extant,Resident,227233771,19843,Salamandra atra
RS,,,Native,Extant,Resident,227233771,19843,Salamandra atra
FRA-FR,,,Native,Extant,Resident,227233771,19843,Salamandra atra
DE,,,Native,Extant,Resident,227233771,19843,Salamandra atra
IT,,,Native,Extant,Resident,227233771,19843,Salamandra atra
SI,,,Native,Extant,Resident,227233771,19843,Salamandra atra
ITA-IT,,,Native,Extant,Resident,227233771,19843,Salamandra atra
LI,,,Native,Extant,Resident,227233771,19843,Salamandra atra
ME,,,Native,Extant,Resident,227233771,19843,Salamandra atra
CH,,,Native,Extant,Resident,227233771,19843,Salamandra atra
YUG-KO,,,Native,Extant,Resident,227233771,19843,Salamandra atra
BG,,,Native,Extant,Resident,227237457,22216,Triturus dobrogicus
AT,,,Native,Extant,Resident,227237457,22216,Triturus dobrogicus
BA,,,Native,Extant,Resident,227237457,22216,Triturus dobrogicus
HR,,,Native,Extant,Resident,227237457,22216,Triturus dobrogicus
CZ,,,Native,Extant,Resident,227237457,22216,Triturus dobrogicus
HU,,,Native,Extant,Resident,227237457,22216,Triturus dobrogicus
RO,,,Native,Extant,Resident,227237457,22216,Triturus dobrogicus
UA,,,Native,Extant,Resident,227237457,22216,Triturus dobrogicus
UKR-UK,,,Native,Extant,Resident,227237457,22216,Triturus dobrogicus
RS,,,Native,Extant,Resident,227237457,22216,Triturus dobrogicus
YUG-SE,,,Native,Extant,Resident,227237457,22216,Triturus dobrogicus
SK,,,Native,Extant,Resident,227237457,22216,Triturus dobrogicus
SI,,,Native,Possibly Extant,Resident,227237457,22216,Triturus dobrogicus
MD,,,Native,Extant,Resident,227237457,22216,Triturus dobrogicus
AL,,,Native,Extant,Resident,227237916,88104000,Triturus macedonicus
BA,,,Native,Extant,Resident,227237916,88104000,Triturus macedonicus
BG,,,Native,Extant,Resident,227237916,88104000,Triturus macedonicus
GR,,,Native,Extant,Resident,227237916,88104000,Triturus macedonicus
GRC-OO,,,Native,Extant,Resident,227237916,88104000,Triturus macedonicus
MK,,,Native,Extant,Resident,227237916,88104000,Triturus macedonicus
ME,,,Native,Extant,Resident,227237916,88104000,Triturus macedonicus
RS,,,Native,Extant,Resident,227237916,88104000,Triturus macedonicus
YUG-KO,,,Native,Extant,Resident,227237916,88104000,Triturus macedonicus
YUG-SE,,,Native,Extant,Resident,227237916,88104000,Triturus macedonicus
PT,,,Native,Extant,Resident,227238403,59479,Triturus pygmaeus
POR-OO,,,Native,Extant,Resident,227238403,59479,Triturus pygmaeus
ES,,,Native,Extant,Resident,227238403,59479,Triturus pygmaeus
SPA-SP,,,Native,Extant,Resident,227238403,59479,Triturus pygmaeus
FR,,,Native,Extant,Resident,228179002,178592041,Alytes almogavarii
FRA-FR,,,Native,Extant,Resident,228179002,178592041,Alytes almogavarii
ES,,,Native,Extant,Resident,228179002,178592041,Alytes almogavarii
SPA-SP,,,Native,Extant,Resident,228179002,178592041,Alytes almogavarii
FR,,,Native,Extant,Resident,228179645,178591974,Alytes obstetricans
BE,,,Native,Extant,Resident,228179645,178591974,Alytes obstetricans
FRA-FR,,,Native,Extant,Resident,228179645,178591974,Alytes obstetricans
DE,,,Native,Extant,Resident,228179645,178591974,Alytes obstetricans
GRB-OO,,,Introduced,Extant,Resident,228179645,178591974,Alytes obstetricans
LU,,,Native,Extant,Resident,228179645,178591974,Alytes obstetricans
NL,,,Native,Extant,Resident,228179645,178591974,Alytes obstetricans
PT,,,Native,Extant,Resident,228179645,178591974,Alytes obstetricans
POR-OO,,,Native,Extant,Resident,228179645,178591974,Alytes obstetricans
ES,,,Native,Extant,Resident,228179645,178591974,Alytes obstetricans
GB,,,Introduced,Extant,Resident,228179645,178591974,Alytes obstetricans
SPA-SP,,,Native,Extant,Resident,228179645,178591974,Alytes obstetricans
CH,,,Native,Extant,Resident,228179645,178591974,Alytes obstetricans
AL,,,Native,Extant,Resident,228179967,77970289,Bombina variegata
AT,,,Native,Extant,Resident,228179967,77970289,Bombina variegata
LU,,,Native,Extant,Resident,228179967,77970289,Bombina variegata
RO,,,Native,Extant,Resident,228179967,77970289,Bombina variegata
BE,,,Native,Extinct Post-1500,Resident,228179967,77970289,Bombina variegata
BA,,,Native,Extant,Resident,228179967,77970289,Bombina variegata
SK,,,Native,Extant,Resident,228179967,77970289,Bombina variegata
BG,,,Native,Extant,Resident,228179967,77970289,Bombina variegata
GB,,,Introduced,Extant,Resident,228179967,77970289,Bombina variegata
ME,,,Native,Extant,Resident,228179967,77970289,Bombina variegata
RS,,,Native,Extant,Resident,228179967,77970289,Bombina variegata
YUG-SE,,,Native,Extant,Resident,228179967,77970289,Bombina variegata
HR,,,Native,Extant,Resident,228179967,77970289,Bombina variegata
CZ,,,Native,Extant,Resident,228179967,77970289,Bombina variegata
UA,,,Native,Extant,Resident,228179967,77970289,Bombina variegata
TR,,,Native,Extant,Resident,228179967,77970289,Bombina variegata
FR,,,Native,Extant,Resident,228179967,77970289,Bombina variegata
MK,,,Native,Extant,Resident,228179967,77970289,Bombina variegata
GRB-OO,,,Introduced,Extant,Resident,228179967,77970289,Bombina variegata
SI,,,Native,Extant,Resident,228179967,77970289,Bombina variegata
HU,,,Native,Extant,Resident,228179967,77970289,Bombina variegata
FRA-FR,,,Native,Extant,Resident,228179967,77970289,Bombina variegata
TUE-OO,,,Native,Extant,Resident,228179967,77970289,Bombina variegata
IT,,,Native,Extant,Resident,228179967,77970289,Bombina variegata
DE,,,Native,Extant,Resident,228179967,77970289,Bombina variegata
LI,,,Native,Extant,Resident,228179967,77970289,Bombina variegata
PL,,,Native,Extant,Resident,228179967,77970289,Bombina variegata
UKR-UK,,,Native,Extant,Resident,228179967,77970289,Bombina variegata
GR,,,Native,Extant,Resident,228179967,77970289,Bombina variegata
ITA-IT,,,Native,Extant,Resident,228179967,77970289,Bombina variegata
CH,,,Native,Extant,Resident,228179967,77970289,Bombina variegata
GRC-OO,,,Native,Extant,Resident,228179967,77970289,Bombina variegata
YUG-KO,,,Native,Extant,Resident,228179967,77970289,Bombina variegata
ES,,,Origin Uncertain,Extant,,228180449,153567,Bufotes balearicus
BAL-OO,,,Origin Uncertain,Extant,,228180449,153567,Bufotes balearicus
FR,,,Native,Extant,Resident,228180449,153567,Bufotes balearicus
COR-OO,,,Native,Extant,Resident,228180449,153567,Bufotes balearicus
IT,,,Native,Extant,Resident,228180449,153567,Bufotes balearicus
ITA-IT,,,Native,Extant,Resident,228180449,153567,Bufotes balearicus
SAR-OO,,,Native,Extant,Resident,228180449,153567,Bufotes balearicus
SIC-SI,,,Native,Extant,Resident,228180449,153567,Bufotes balearicus
CY,,,Native,Extant,Resident,228180876,172962880,Bufotes cypriensis
PT,,,Native,Extant,Resident,228181133,4657,Chioglossa lusitanica
POR-OO,,,Native,Extant,Resident,228181133,4657,Chioglossa lusitanica
ES,,,Native,Extant,Resident,228181133,4657,Chioglossa lusitanica
SPA-SP,,,Native,Extant,Resident,228181133,4657,Chioglossa lusitanica
AT,,,Native,Extant,Resident,228181470,54598,Epidalea calamita
BE,,,Native,Extant,Resident,228181470,54598,Epidalea calamita
CZ,,,Native,Extant,Resident,228181470,54598,Epidalea calamita
UA,,,Native,Extant,Resident,228181470,54598,Epidalea calamita
PL,,,Native,Extant,Resident,228181470,54598,Epidalea calamita
BY,,,Native,Extant,Resident,228181470,54598,Epidalea calamita
RU,,,Native,Extinct Post-1500,Resident,228181470,54598,Epidalea calamita
DK,,,Native,Extant,Resident,228181470,54598,Epidalea calamita
CH,,,Native,Extant,Resident,228181470,54598,Epidalea calamita
EE,,,Native,Extant,Resident,228181470,54598,Epidalea calamita
GB,,,Native,Extant,Resident,228181470,54598,Epidalea calamita
LU,,,Native,Extant,Resident,228181470,54598,Epidalea calamita
UKR-UK,,,Native,Extant,Resident,228181470,54598,Epidalea calamita
SPA-SP,,,Native,Extant,Resident,228181470,54598,Epidalea calamita
FR,,,Native,Extant,Resident,228181470,54598,Epidalea calamita
FRA-FR,,,Native,Extant,Resident,228181470,54598,Epidalea calamita
RU-EU,,,Native,Extinct Post-1500,Resident,228181470,54598,Epidalea calamita
POR-OO,,,Native,Extant,Resident,228181470,54598,Epidalea calamita
BLT-KA,,,Native,Extinct Post-1500,Resident,228181470,54598,Epidalea calamita
DE,,,Native,Extant,Resident,228181470,54598,Epidalea calamita
NL,,,Native,Extant,Resident,228181470,54598,Epidalea calamita
GRB-OO,,,Native,Extant,Resident,228181470,54598,Epidalea calamita
ES,,,Native,Extant,Resident,228181470,54598,Epidalea calamita
IE,,,Native,Extant,Resident,228181470,54598,Epidalea calamita
SE,,,Native,Extant,Resident,228181470,54598,Epidalea calamita
LV,,,Native,Extant,Resident,228181470,54598,Epidalea calamita
LT,,,Native,Extant,Resident,228181470,54598,Epidalea calamita
PT,,,Native,Extant,Resident,228181470,54598,Epidalea calamita
BA,,,Native,Extant,Resident,228182338,82496838,Hyla arborea
BE,,,Native,Extant,Resident,228182338,82496838,Hyla arborea
AL,,,Native,Extant,Resident,228182338,82496838,Hyla arborea
AT,,,Native,Extant,Resident,228182338,82496838,Hyla arborea
ITA-IT,,,Native,Extant,Resident,228182338,82496838,Hyla arborea
SK,,,Native,Extant,Resident,228182338,82496838,Hyla arborea
IT,,,Native,Extant,Resident,228182338,82496838,Hyla arborea
GR,,,Native,Extant,Resident,228182338,82496838,Hyla arborea
RO,,,Native,Extant,Resident,228182338,82496838,Hyla arborea
RS,,,Native,Extant,Resident,228182338,82496838,Hyla arborea
NL,,,Native,Extant,Resident,228182338,82496838,Hyla arborea
LV,,,Reintroduced,Extant,Resident,228182338,82496838,Hyla arborea
MK,,,Native,Extant,Resident,228182338,82496838,Hyla arborea
SI,,,Native,Extant,Resident,228182338,82496838,Hyla arborea
BG,,,Native,Extant,Resident,228182338,82496838,Hyla arborea
HR,,,Native,Extant,Resident,228182338,82496838,Hyla arborea
YUG-SE,,,Native,Extant,Resident,228182338,82496838,Hyla arborea
SE,,,Native,Extant,Resident,228182338,82496838,Hyla arborea
CZ,,,Native,Extant,Resident,228182338,82496838,Hyla arborea
DK,,,Native,Extant,Resident,228182338,82496838,Hyla arborea
GRC-OO,,,Native,Extant,Resident,228182338,82496838,Hyla arborea
PL,,,Native,Extant,Resident,228182338,82496838,Hyla arborea
FR,,,Native,Extant,Resident,228182338,82496838,Hyla arborea
FRA-FR,,,Native,Extant,Resident,228182338,82496838,Hyla arborea
ME,,,Native,Extant,Resident,228182338,82496838,Hyla arborea
CH,,,Native,Extant,Resident,228182338,82496838,Hyla arborea
DE,,,Native,Extant,Resident,228182338,82496838,Hyla arborea
LI,,,Native,Extant,Resident,228182338,82496838,Hyla arborea
HU,,,Native,Extant,Resident,228182338,82496838,Hyla arborea
LU,,,Native,Extant,Resident,228182338,82496838,Hyla arborea
YUG-KO,,,Native,Extant,Resident,228182338,82496838,Hyla arborea
EAI-OO,,,Native,Possibly Extant,Resident,228182338,82496838,Hyla arborea
KRI-OO,,,Native,Extant,Resident,228182338,82496838,Hyla arborea
GB,,,Introduced,Extinct Post-1500,Resident,228182338,82496838,Hyla arborea
GRB-OO,,,Introduced,Extinct Post-1500,Resident,228182338,82496838,Hyla arborea
FR,,,Native,Extant,Resident,228182906,82493101,Hyla molleri
FRA-FR,,,Native,Extant,Resident,228182906,82493101,Hyla molleri
PT,,,Native,Extant,Resident,228182906,82493101,Hyla molleri
POR-OO,,,Native,Extant,Resident,228182906,82493101,Hyla molleri
ES,,,Native,Extant,Resident,228182906,82493101,Hyla molleri
SPA-SP,,,Native,Extant,Resident,228182906,82493101,Hyla molleri
AT,,,Native,Extant,Resident,228183943,59472,Ichthyosaura alpestris
HR,,,Native,Extant,Resident,228183943,59472,Ichthyosaura alpestris
AL,,,Native,Extant,Resident,228183943,59472,Ichthyosaura alpestris
ES,,,Native,Extant,Resident,228183943,59472,Ichthyosaura alpestris
SI,,,Native,Extant,Resident,228183943,59472,Ichthyosaura alpestris
BE,,,Native,Extant,Resident,228183943,59472,Ichthyosaura alpestris
BA,,,Native,Extant,Resident,228183943,59472,Ichthyosaura alpestris
BG,,,Native,Extant,Resident,228183943,59472,Ichthyosaura alpestris
ITA-IT,,,Native,Extant,Resident,228183943,59472,Ichthyosaura alpestris
LU,,,Native,Extant,Resident,228183943,59472,Ichthyosaura alpestris
CZ,,,Native,Extant,Resident,228183943,59472,Ichthyosaura alpestris
CH,,,Native,Extant,Resident,228183943,59472,Ichthyosaura alpestris
DK,,,Native,Extant,Resident,228183943,59472,Ichthyosaura alpestris
LI,,,Native,Extant,Resident,228183943,59472,Ichthyosaura alpestris
IT,,,Native,Extant,Resident,228183943,59472,Ichthyosaura alpestris
ME,,,Native,Extant,Resident,228183943,59472,Ichthyosaura alpestris
FR,,,Native,Extant,Resident,228183943,59472,Ichthyosaura alpestris
MK,,,Native,Extant,Resident,228183943,59472,Ichthyosaura alpestris
UKR-UK,,,Native,Extant,Resident,228183943,59472,Ichthyosaura alpestris
FRA-FR,,,Native,Extant,Resident,228183943,59472,Ichthyosaura alpestris
GR,,,Native,Extant,Resident,228183943,59472,Ichthyosaura alpestris
YUG-KO,,,Native,Extant,Resident,228183943,59472,Ichthyosaura alpestris
DE,,,Native,Extant,Resident,228183943,59472,Ichthyosaura alpestris
GRC-OO,,,Native,Extant,Resident,228183943,59472,Ichthyosaura alpestris
HU,,,Native,Extant,Resident,228183943,59472,Ichthyosaura alpestris
PL,,,Native,Extant,Resident,228183943,59472,Ichthyosaura alpestris
SK,,,Native,Extant,Resident,228183943,59472,Ichthyosaura alpestris
GRB-OO,,,Introduced,Extant,Resident,228183943,59472,Ichthyosaura alpestris
NL,,,Native,Extant,Resident,228183943,59472,Ichthyosaura alpestris
YUG-SE,,,Native,Extant,Resident,228183943,59472,Ichthyosaura alpestris
SPA-SP,,,Native,Extant,Resident,228183943,59472,Ichthyosaura alpestris
RO,,,Native,Extant,Resident,228183943,59472,Ichthyosaura alpestris
RS,,,Native,Extant,Resident,228183943,59472,Ichthyosaura alpestris
GB,,,Introduced,Extant,Resident,228183943,59472,Ichthyosaura alpestris
UA,,,Native,Extant,Resident,228183943,59472,Ichthyosaura alpestris
PT,,,Native,Extant,Resident,228184459,79079411,Lissotriton boscai
POR-OO,,,Native,Extant,Resident,228184459,79079411,Lissotriton boscai
ES,,,Native,Extant,Resident,228184459,79079411,Lissotriton boscai
SPA-SP,,,Native,Extant,Resident,228184459,79079411,Lissotriton boscai
MK,,,Native,Extant,Resident,228184805,79077482,Lissotriton graecus
AL,,,Native,Extant,Resident,228184805,79077482,Lissotriton graecus
BA,,,Native,Extant,Resident,228184805,79077482,Lissotriton graecus
BG,,,Native,Extant,Resident,228184805,79077482,Lissotriton graecus
HR,,,Native,Extant,Resident,228184805,79077482,Lissotriton graecus
GR,,,Native,Extant,Resident,228184805,79077482,Lissotriton graecus
GRC-OO,,,Native,Extant,Resident,228184805,79077482,Lissotriton graecus
ME,,,Native,Extant,Resident,228184805,79077482,Lissotriton graecus
RS,,,Native,Extant,Resident,228184805,79077482,Lissotriton graecus
YUG-KO,,,Native,Extant,Resident,228184805,79077482,Lissotriton graecus
BE,,,Native,Extant,Resident,228185144,59475,Lissotriton helveticus
CZ,,,Native,Extant,Resident,228185144,59475,Lissotriton helveticus
GRB-OO,,,Native,Extant,Resident,228185144,59475,Lissotriton helveticus
FR,,,Native,Extant,Resident,228185144,59475,Lissotriton helveticus
FRA-FR,,,Native,Extant,Resident,228185144,59475,Lissotriton helveticus
DE,,,Native,Extant,Resident,228185144,59475,Lissotriton helveticus
LU,,,Native,Extant,Resident,228185144,59475,Lissotriton helveticus
NL,,,Native,Extant,Resident,228185144,59475,Lissotriton helveticus
PT,,,Native,Extant,Resident,228185144,59475,Lissotriton helveticus
CH,,,Native,Extant,Resident,228185144,59475,Lissotriton helveticus
GB,,,Native,Extant,Resident,228185144,59475,Lissotriton helveticus
POR-OO,,,Native,Extant,Resident,228185144,59475,Lissotriton helveticus
ES,,,Native,Extant,Resident,228185144,59475,Lissotriton helveticus
SPA-SP,,,Native,Extant,Resident,228185144,59475,Lissotriton helveticus
GG,,,Native,Extant,Resident,228185144,59475,Lissotriton helveticus
IM,,,Native,Extant,Resident,228185144,59475,Lissotriton helveticus
JE,,,Native,Extant,Resident,228185144,59475,Lissotriton helveticus
CZ,,,Native,Extant,Resident,228185921,59478,Lissotriton montandoni
DE,,,Introduced,Extant,Resident,228185921,59478,Lissotriton montandoni
PL,,,Native,Extant,Resident,228185921,59478,Lissotriton montandoni
RO,,,Native,Extant,Resident,228185921,59478,Lissotriton montandoni
SK,,,Native,Extant,Resident,228185921,59478,Lissotriton montandoni
UA,,,Native,Extant,Resident,228185921,59478,Lissotriton montandoni
UKR-UK,,,Native,Extant,Resident,228185921,59478,Lissotriton montandoni
AL,,,Native,Extant,Resident,228186498,172312067,Pelobates balcanicus
BG,,,Native,Extant,Resident,228186498,172312067,Pelobates balcanicus
GR,,,Native,Extant,Resident,228186498,172312067,Pelobates balcanicus
GRC-OO,,,Native,Extant,Resident,228186498,172312067,Pelobates balcanicus
MK,,,Native,Extant,Resident,228186498,172312067,Pelobates balcanicus
RO,,,Native,Extant,Resident,228186498,172312067,Pelobates balcanicus
RS,,,Native,Extant,Resident,228186498,172312067,Pelobates balcanicus
YUG-SE,,,Native,Extant,Resident,228186498,172312067,Pelobates balcanicus
TR,,,Native,Extant,Resident,228186498,172312067,Pelobates balcanicus
TUE-OO,,,Native,Extant,Resident,228186498,172312067,Pelobates balcanicus
FR,,,Native,Extant,Resident,228187495,58052,Pelobates cultripes
FRA-FR,,,Native,Extant,Resident,228187495,58052,Pelobates cultripes
GI,,,Native,Extinct Post-1500,Resident,228187495,58052,Pelobates cultripes
PT,,,Native,Extant,Resident,228187495,58052,Pelobates cultripes
POR-OO,,,Native,Extant,Resident,228187495,58052,Pelobates cultripes
ES,,,Native,Extant,Resident,228187495,58052,Pelobates cultripes
SPA-SP,,,Native,Extant,Resident,228187495,58052,Pelobates cultripes
BA,,,Native,Extant,Resident,228187875,196236126,Pelobates fuscus
AT,,,Native,Extant,Resident,228187875,196236126,Pelobates fuscus
RO,,,Native,Extant,Resident,228187875,196236126,Pelobates fuscus
CH,,,Native,Extinct Post-1500,Resident,228187875,196236126,Pelobates fuscus
MD,,,Native,Extant,Resident,228187875,196236126,Pelobates fuscus
LT,,,Native,Extant,Resident,228187875,196236126,Pelobates fuscus
BY,,,Native,Extant,Resident,228187875,196236126,Pelobates fuscus
BE,,,Native,Extant,Resident,228187875,196236126,Pelobates fuscus
SI,,,Native,Extant,Resident,228187875,196236126,Pelobates fuscus
IT,,,Native,Extant,Resident,228187875,196236126,Pelobates fuscus
NL,,,Native,Extant,Resident,228187875,196236126,Pelobates fuscus
SE,,,Native,Extant,Resident,228187875,196236126,Pelobates fuscus
BG,,,Native,Extant,Resident,228187875,196236126,Pelobates fuscus
HR,,,Native,Extant,Resident,228187875,196236126,Pelobates fuscus
PL,,,Native,Extant,Resident,228187875,196236126,Pelobates fuscus
UA,,,Native,Extant,Resident,228187875,196236126,Pelobates fuscus
CZ,,,Native,Extant,Resident,228187875,196236126,Pelobates fuscus
DK,,,Native,Extant,Resident,228187875,196236126,Pelobates fuscus
EE,,,Native,Extant,Resident,228187875,196236126,Pelobates fuscus
FR,,,Native,Extant,Resident,228187875,196236126,Pelobates fuscus
SK,,,Native,Extant,Resident,228187875,196236126,Pelobates fuscus
HU,,,Native,Extant,Resident,228187875,196236126,Pelobates fuscus
LV,,,Native,Extant,Resident,228187875,196236126,Pelobates fuscus
RS,,,Native,Extant,Resident,228187875,196236126,Pelobates fuscus
RU,,,Native,Extant,Resident,228187875,196236126,Pelobates fuscus
FRA-FR,,,Native,Extant,Resident,228187875,196236126,Pelobates fuscus
ITA-IT,,,Native,Extant,Resident,228187875,196236126,Pelobates fuscus
DE,,,Native,Extant,Resident,228187875,196236126,Pelobates fuscus
YUG-SE,,,Native,Extant,Resident,228187875,196236126,Pelobates fuscus
RU-EU,,,Native,Extant,Resident,228187875,196236126,Pelobates fuscus
UKR-UK,,,Native,Extant,Resident,228187875,196236126,Pelobates fuscus
RUC-OO,,,Native,Extant,Resident,228187875,196236126,Pelobates fuscus
BLT-KA,,,Native,Extant,Resident,228187875,196236126,Pelobates fuscus
RUW-OO,,,Native,Extant,Resident,228187875,196236126,Pelobates fuscus
RUS-OO,,,Native,Extant,Resident,228187875,196236126,Pelobates fuscus
VA,,,Native,Presence Uncertain,Resident,229001009,55517,Hyla intermedia
IT,,,Native,Extant,Resident,229001009,55517,Hyla intermedia
ITA-IT,,,Native,Extant,Resident,229001009,55517,Hyla intermedia
SIC-SI,,,Native,Extant,Resident,229001009,55517,Hyla intermedia
SM,,,Native,Presence Uncertain,Resident,229001009,55517,Hyla intermedia
SI,,,Native,Extant,Resident,229001009,55517,Hyla intermedia
CH,,,Native,Extant,Resident,229001009,55517,Hyla intermedia
AL,,,Native,Extant,Resident,229003815,58637,Pelophylax kurtmuelleri
BG,,,Native,Extant,Resident,229003815,58637,Pelophylax kurtmuelleri
GR,,,Native,Extant,Resident,229003815,58637,Pelophylax kurtmuelleri
GRC-OO,,,Native,Extant,Resident,229003815,58637,Pelophylax kurtmuelleri
IT,,,Introduced,Extant,Resident,229003815,58637,Pelophylax kurtmuelleri
ITA-IT,,,Introduced,Extant,Resident,229003815,58637,Pelophylax kurtmuelleri
PL,,,Introduced,Presence Uncertain,Resident,229003815,58637,Pelophylax kurtmuelleri
SI,,,Introduced,Extant,Resident,229003815,58637,Pelophylax kurtmuelleri
FR,,,Introduced,Extant,Resident,229003815,58637,Pelophylax kurtmuelleri
ME,,,Native,Presence Uncertain,Resident,229003815,58637,Pelophylax kurtmuelleri
CH,,,Introduced,Extant,Resident,229003815,58637,Pelophylax kurtmuelleri
RU-EU,,,Introduced,Extant,Resident,229003815,58637,Pelophylax kurtmuelleri
FRA-FR,,,Introduced,Extant,Resident,229003815,58637,Pelophylax kurtmuelleri
EAI-OO,,,Native,Extant,Resident,229003815,58637,Pelophylax kurtmuelleri
BLT-KA,,,Origin Uncertain,Presence Uncertain,,229003815,58637,Pelophylax kurtmuelleri
HR,,,Introduced,Presence Uncertain,Resident,229003815,58637,Pelophylax kurtmuelleri
SAR-OO,,,Introduced,Extant,Resident,229003815,58637,Pelophylax kurtmuelleri
RU,,,Introduced,Extant,Resident,229003815,58637,Pelophylax kurtmuelleri
AL,,,Native,Extant,Resident,229005415,58605,Rana graeca
BA,,,Native,Extant,Resident,229005415,58605,Rana graeca
BG,,,Native,Extant,Resident,229005415,58605,Rana graeca
GR,,,Native,Extant,Resident,229005415,58605,Rana graeca
GRC-OO,,,Native,Extant,Resident,229005415,58605,Rana graeca
MK,,,Native,Extant,Resident,229005415,58605,Rana graeca
ME,,,Native,Extant,Resident,229005415,58605,Rana graeca
RS,,,Native,Extant,Resident,229005415,58605,Rana graeca
YUG-KO,,,Native,Extant,Resident,229005415,58605,Rana graeca
YUG-SE,,,Native,Extant,Resident,229005415,58605,Rana graeca
HR,,,Native,Possibly Extant,Resident,229005415,58605,Rana graeca
TR,,,Native,Possibly Extant,Resident,229005415,58605,Rana graeca
TUE-OO,,,Native,Possibly Extant,Resident,229005415,58605,Rana graeca
AD,,,Native,Extant,Resident,229005750,59448,Calotriton asper
FR,,,Native,Extant,Resident,229005750,59448,Calotriton asper
FRA-FR,,,Native,Extant,Resident,229005750,59448,Calotriton asper
ES,,,Native,Extant,Resident,229005750,59448,Calotriton asper
SPA-SP,,,Native,Extant,Resident,229005750,59448,Calotriton asper
DE,,,Native,Extant,Resident,229006372,79078647,Lissotriton vulgaris
BE,,,Native,Extant,Resident,229006372,79078647,Lissotriton vulgaris
AT,,,Native,Extant,Resident,229006372,79078647,Lissotriton vulgaris
BA,,,Native,Extant,Resident,229006372,79078647,Lissotriton vulgaris
BY,,,Native,Extant,Resident,229006372,79078647,Lissotriton vulgaris
MD,,,Native,Extant,Resident,229006372,79078647,Lissotriton vulgaris
IE,,,Native,Extant,Resident,229006372,79078647,Lissotriton vulgaris
LV,,,Native,Extant,Resident,229006372,79078647,Lissotriton vulgaris
RS,,,Native,Extant,Resident,229006372,79078647,Lissotriton vulgaris
PL,,,Native,Extant,Resident,229006372,79078647,Lissotriton vulgaris
SI,,,Native,Extant,Resident,229006372,79078647,Lissotriton vulgaris
BG,,,Native,Extant,Resident,229006372,79078647,Lissotriton vulgaris
CH,,,Native,Extant,Resident,229006372,79078647,Lissotriton vulgaris
GB,,,Native,Extant,Resident,229006372,79078647,Lissotriton vulgaris
ME,,,Native,Extant,Resident,229006372,79078647,Lissotriton vulgaris
RU,,,Native,Extant,Resident,229006372,79078647,Lissotriton vulgaris
IRE-NI,,,Native,Extant,Resident,229006372,79078647,Lissotriton vulgaris
HR,,,Native,Extant,Resident,229006372,79078647,Lissotriton vulgaris
CZ,,,Native,Extant,Resident,229006372,79078647,Lissotriton vulgaris
SK,,,Native,Extant,Resident,229006372,79078647,Lissotriton vulgaris
NO,,,Native,Extant,Resident,229006372,79078647,Lissotriton vulgaris
YUG-SE,,,Native,Extant,Resident,229006372,79078647,Lissotriton vulgaris
LU,,,Native,Extant,Resident,229006372,79078647,Lissotriton vulgaris
DK,,,Native,Extant,Resident,229006372,79078647,Lissotriton vulgaris
EE,,,Native,Extant,Resident,229006372,79078647,Lissotriton vulgaris
FI,,,Native,Extant,Resident,229006372,79078647,Lissotriton vulgaris
FR,,,Native,Extant,Resident,229006372,79078647,Lissotriton vulgaris
NL,,,Native,Extant,Resident,229006372,79078647,Lissotriton vulgaris
FRA-FR,,,Native,Extant,Resident,229006372,79078647,Lissotriton vulgaris
MK,,,Native,Extant,Resident,229006372,79078647,Lissotriton vulgaris
RO,,,Native,Extant,Resident,229006372,79078647,Lissotriton vulgaris
LT,,,Native,Extant,Resident,229006372,79078647,Lissotriton vulgaris
SE,,,Native,Extant,Resident,229006372,79078647,Lissotriton vulgaris
RU-EU,,,Native,Extant,Resident,229006372,79078647,Lissotriton vulgaris
HU,,,Native,Extant,Resident,229006372,79078647,Lissotriton vulgaris
IT,,,Native,Extant,Resident,229006372,79078647,Lissotriton vulgaris
ITA-IT,,,Native,Extant,Resident,229006372,79078647,Lissotriton vulgaris
GRB-OO,,,Native,Extant,Resident,229006372,79078647,Lissotriton vulgaris
UA,,,Native,Extant,Resident,229006372,79078647,Lissotriton vulgaris
GR,,,Native,Extant,Resident,229006372,79078647,Lissotriton vulgaris
GRC-OO,,,Native,Extant,Resident,229006372,79078647,Lissotriton vulgaris
TR,,,Native,Extant,Resident,229006372,79078647,Lissotriton vulgaris
TUE-OO,,,Native,Extant,Resident,229006372,79078647,Lissotriton vulgaris
RUE-OO,,,Native,Extant,Resident,229006372,79078647,Lissotriton vulgaris
UKR-UK,,,Native,Extant,Resident,229006372,79078647,Lissotriton vulgaris
AL,,,Native,Extant,Resident,229006372,79078647,Lissotriton vulgaris
IM,,,Native,Extant,Resident,229006372,79078647,Lissotriton vulgaris
JE,,,Native,Extant,Resident,229006372,79078647,Lissotriton vulgaris
YUG-KO,,,Native,Extant,Resident,229006372,79078647,Lissotriton vulgaris
RUW-OO,,,Native,Extant,Resident,229006372,79078647,Lissotriton vulgaris
RUS-OO,,,Native,Extant,Resident,229006372,79078647,Lissotriton vulgaris
RUC-OO,,,Native,Extant,Resident,229006372,79078647,Lissotriton vulgaris
BLT-KA,,,Native,Extant,Resident,229006372,79078647,Lissotriton vulgaris
ES,,,Native,Extant,Resident,89696462,136131,Calotriton arnoldi
SPA-SP,,,Native,Extant,Resident,89696462,136131,Calotriton arnoldi
FR,,,Native,Extant,Resident,89699123,19845,Salamandra lanzai
IT,,,Native,Extant,Resident,89699123,19845,Salamandra lanzai
FRA-FR,,,Native,Extant,Resident,89699123,19845,Salamandra lanzai
ITA-IT,,,Native,Extant,Resident,89699123,19845,Salamandra lanzai
IT,,,Native,Extant,Resident,89706481,136135,Salamandrina perspicillata
ITA-IT,,,Native,Extant,Resident,89706481,136135,Salamandrina perspicillata
FR,,,Native,Extant,Resident,218083218,173111497,Pelodytes punctatus
FRA-FR,,,Native,Extant,Resident,218083218,173111497,Pelodytes punctatus
IT,,,Native,Extant,Resident,218083218,173111497,Pelodytes punctatus
ITA-IT,,,Native,Extant,Resident,218083218,173111497,Pelodytes punctatus
ES,,,Native,Extant,Resident,218083218,173111497,Pelodytes punctatus
SPA-SP,,,Native,Extant,Resident,218083218,173111497,Pelodytes punctatus
GRC-OO,,,Native,Extant,Resident,219148292,59467,Salamandra salamandra
BA,,,Native,Extant,Resident,219148292,59467,Salamandra salamandra
AL,,,Native,Extant,Resident,219148292,59467,Salamandra salamandra
ME,,,Native,Extant,Resident,219148292,59467,Salamandra salamandra
TUE-OO,,,Native,Extant,Resident,219148292,59467,Salamandra salamandra
YUG-SE,,,Native,Extant,Resident,219148292,59467,Salamandra salamandra
HU,,,Native,Extant,Resident,219148292,59467,Salamandra salamandra
PT,,,Native,Extant,Resident,219148292,59467,Salamandra salamandra
UKR-UK,,,Native,Extant,Resident,219148292,59467,Salamandra salamandra
SK,,,Native,Extant,Resident,219148292,59467,Salamandra salamandra
AD,,,Native,Extant,Resident,219148292,59467,Salamandra salamandra
AT,,,Native,Extant,Resident,219148292,59467,Salamandra salamandra
BE,,,Native,Extant,Resident,219148292,59467,Salamandra salamandra
ITA-IT,,,Native,Extant,Resident,219148292,59467,Salamandra salamandra
GR,,,Native,Extant,Resident,219148292,59467,Salamandra salamandra
YUG-KO,,,Native,Extant,Resident,219148292,59467,Salamandra salamandra
RO,,,Native,Extant,Resident,219148292,59467,Salamandra salamandra
ES,,,Native,Extant,Resident,219148292,59467,Salamandra salamandra
CH,,,Native,Extant,Resident,219148292,59467,Salamandra salamandra
IT,,,Native,Extant,Resident,219148292,59467,Salamandra salamandra
BG,,,Native,Extant,Resident,219148292,59467,Salamandra salamandra
NL,,,Native,Extant,Resident,219148292,59467,Salamandra salamandra
HR,,,Native,Extant,Resident,219148292,59467,Salamandra salamandra
UA,,,Native,Extant,Resident,219148292,59467,Salamandra salamandra
CZ,,,Native,Extant,Resident,219148292,59467,Salamandra salamandra
FR,,,Native,Extant,Resident,219148292,59467,Salamandra salamandra
PL,,,Native,Extant,Resident,219148292,59467,Salamandra salamandra
SPA-SP,,,Native,Extant,Resident,219148292,59467,Salamandra salamandra
LI,,,Native,Extant,Resident,219148292,59467,Salamandra salamandra
LU,,,Native,Extant,Resident,219148292,59467,Salamandra salamandra
SI,,,Native,Extant,Resident,219148292,59467,Salamandra salamandra
SM,,,Native,Extant,Resident,219148292,59467,Salamandra salamandra
RS,,,Native,Extant,Resident,219148292,59467,Salamandra salamandra
MK,,,Native,Extant,Resident,219148292,59467,Salamandra salamandra
FRA-FR,,,Native,Extant,Resident,219148292,59467,Salamandra salamandra
DE,,,Native,Extant,Resident,219148292,59467,Salamandra salamandra
TUR-OO,,,Native,Presence Uncertain,Resident,219148292,59467,Salamandra salamandra
POR-OO,,,Native,Extant,Resident,219148292,59467,Salamandra salamandra
TR,,,Native,Extant,Resident,219148292,59467,Salamandra salamandra
FR,,,Native,Extant,Resident,219150517,59477,Triturus marmoratus
FRA-FR,,,Native,Extant,Resident,219150517,59477,Triturus marmoratus
IT,,,Introduced,Possibly Extinct,Resident,219150517,59477,Triturus marmoratus
ITA-IT,,,Introduced,Possibly Extinct,Resident,219150517,59477,Triturus marmoratus
PT,,,Native,Extant,Resident,219150517,59477,Triturus marmoratus
POR-OO,,,Native,Extant,Resident,219150517,59477,Triturus marmoratus
ES,,,Native,Extant,Resident,219150517,59477,Triturus marmoratus
SPA-SP,,,Native,Extant,Resident,219150517,59477,Triturus marmoratus
FR,,,Introduced,Extant,Resident,264468745,214696589,Triturus carnifex
AT,,,Native,Extant,Resident,264468745,214696589,Triturus carnifex
BA,,,Native,Extant,Resident,264468745,214696589,Triturus carnifex
HR,,,Native,Extant,Resident,264468745,214696589,Triturus carnifex
GB,,,Introduced,Extant,Resident,264468745,214696589,Triturus carnifex
CZ,,,Native,Extant,Resident,264468745,214696589,Triturus carnifex
PT,,,Introduced,Extant,Resident,264468745,214696589,Triturus carnifex
SI,,,Native,Extant,Resident,264468745,214696589,Triturus carnifex
FRA-FR,,,Introduced,Extant,Resident,264468745,214696589,Triturus carnifex
DE,,,Native,Extant,Resident,264468745,214696589,Triturus carnifex
HU,,,Native,Extant,Resident,264468745,214696589,Triturus carnifex
IT,,,Native,Extant,Resident,264468745,214696589,Triturus carnifex
ITA-IT,,,Native,Extant,Resident,264468745,214696589,Triturus carnifex
GRB-OO,,,Introduced,Extant,Resident,264468745,214696589,Triturus carnifex
CH,,,Native,Extant,Resident,264468745,214696589,Triturus carnifex
AZO-OO,,,Introduced,Extant,Resident,264468745,214696589,Triturus carnifex
NL,,,Introduced,Extant,Resident,264468745,214696589,Triturus carnifex
FR,,,Native,Extant,Resident,265122877,59405,Speleomantes strinatii
FRA-FR,,,Native,Extant,Resident,265122877,59405,Speleomantes strinatii
IT,,,Native,Extant,Resident,265122877,59405,Speleomantes strinatii
ITA-IT,,,Native,Extant,Resident,265122877,59405,Speleomantes strinatii
IT,,,Native,Extant,Resident,265124975,20458,Speleomantes italicus
ITA-IT,,,Native,Extant,Resident,265124975,20458,Speleomantes italicus
IT,,,Native,Extant,Resident,265126221,20454,Speleomantes ambrosii
ITA-IT,,,Native,Extant,Resident,265126221,20454,Speleomantes ambrosii
